id,obs_id,choice,chosen_alt,av_1,av_2,car_ivtt,rail_ivtt,car_cost,rail_cost,rail_transfers,rail_comfort,purpose,age,employ_status,npersons,gender,arrival_time
1,1,1,auto,1,1,1.167,2.167,7.5,24.0,0,0,0,0,0,3,1,0
1,2,1,auto,1,1,1.167,2.167,7.0,24.0,0,0,0,0,0,3,1,0
1,3,1,auto,1,1,1.167,2.167,6.5,24.0,0,0,0,0,0,3,1,0
1,4,1,auto,1,1,1.167,2.167,6.0,24.0,0,0,0,0,0,3,1,0
1,5,1,auto,1,1,1.167,2.167,5.5,24.0,0,0,0,0,0,3,1,0
1,6,1,auto,1,1,1.167,2.167,5.0,24.0,0,0,0,0,0,3,1,0
1,7,1,auto,1,1,1.167,2.5,5.0,32.0,0,0,0,0,0,3,1,0
1,8,1,auto,1,1,1.167,2.5,5.0,24.0,0,1,0,0,0,3,1,0
2,9,1,auto,1,1,1.517,1.55,13.5,24.5,0,1,0,0,1,4,1,0
2,10,1,auto,1,1,1.517,1.55,12.6,24.5,0,1,0,0,1,4,1,0
2,11,1,auto,1,1,1.517,1.55,11.7,24.5,0,1,0,0,1,4,1,0
2,12,1,auto,1,1,1.517,1.55,10.8,24.5,0,1,0,0,1,4,1,0
2,13,1,auto,1,1,1.517,1.55,9.9,24.5,0,1,0,0,1,4,1,0
2,14,1,auto,1,1,1.517,1.55,9.0,24.5,0,1,0,0,1,4,1,0
2,15,1,auto,1,1,1.517,1.8,9.0,24.5,0,1,0,0,1,4,1,0
2,16,1,auto,1,1,1.517,1.8,9.0,29.75,0,0,0,0,1,4,1,0
3,17,1,auto,1,1,1.967,1.767,12.65,19.2,0,0,0,0,0,2,0,0
3,18,1,auto,1,1,1.967,1.767,11.5,19.2,0,0,0,0,0,2,0,0
3,19,1,auto,1,1,1.967,1.6,11.5,19.2,0,1,0,0,0,2,0,0
3,20,2,rail,1,1,1.967,1.767,16.1,19.2,0,0,0,0,0,2,0,0
3,21,2,rail,1,1,1.967,2.017,11.5,14.4,0,0,0,0,0,2,0,0
3,22,2,rail,1,1,1.967,1.767,11.5,14.4,0,1,0,0,0,2,0,0
4,23,1,auto,1,1,2.0,1.75,8.333,6.65,1,0,0,1,1,3,0,0
4,24,1,auto,1,1,2.0,1.75,8.333,5.45,1,1,0,1,1,3,0,0
4,25,2,rail,1,1,2.0,1.75,10.0,6.65,1,0,0,1,1,3,0,0
4,26,2,rail,1,1,2.0,1.75,8.333,7.8,0,1,0,1,1,3,0,0
5,27,2,rail,1,1,1.267,1.533,7.5,14.0,1,0,0,0,0,3,1,0
6,28,1,auto,1,1,1.583,2.333,90.0,31.2,1,1,1,1,0,1,0,1
6,29,1,auto,1,1,1.583,2.583,90.0,39.0,2,1,1,1,0,1,0,1
6,30,2,rail,1,1,1.583,2.083,45.0,46.8,1,1,1,1,0,1,0,1
6,31,2,rail,1,1,1.583,2.083,54.0,46.8,1,1,1,1,0,1,0,1
6,32,2,rail,1,1,1.583,2.083,63.0,46.8,1,1,1,1,0,1,0,1
6,33,2,rail,1,1,1.583,2.083,72.0,46.8,1,1,1,1,0,1,0,1
6,34,2,rail,1,1,1.583,2.083,81.0,46.8,1,1,1,1,0,1,0,1
6,35,2,rail,1,1,1.583,2.083,90.0,46.8,1,1,1,1,0,1,0,1
7,36,1,auto,1,1,2.55,2.667,4.8,28.0,0,0,0,1,1,4,0,0
7,37,1,auto,1,1,2.55,2.667,4.48,28.0,0,0,0,1,1,4,0,0
7,38,1,auto,1,1,2.55,2.667,4.16,28.0,0,0,0,1,1,4,0,0
7,39,1,auto,1,1,2.55,2.667,3.84,28.0,0,0,0,1,1,4,0,0
7,40,1,auto,1,1,2.55,2.667,3.52,28.0,0,0,0,1,1,4,0,0
7,41,1,auto,1,1,2.55,2.667,3.2,28.0,0,0,0,1,1,4,0,0
7,42,1,auto,1,1,2.55,2.083,3.2,28.0,0,1,0,1,1,4,0,0
7,43,1,auto,1,1,2.55,2.083,3.2,34.0,0,1,0,1,1,4,0,0
8,44,1,auto,1,1,1.483,1.75,19.5,22.5,0,0,1,0,0,2,1,1
8,45,1,auto,1,1,1.483,1.75,18.2,22.5,0,0,1,0,0,2,1,1
8,46,1,auto,1,1,1.483,1.75,16.9,22.5,0,0,1,0,0,2,1,1
8,47,1,auto,1,1,1.483,1.75,15.6,22.5,0,0,1,0,0,2,1,1
8,48,1,auto,1,1,1.483,1.75,14.3,22.5,0,0,1,0,0,2,1,1
8,49,1,auto,1,1,1.483,1.75,13.0,22.5,0,0,1,0,0,2,1,1
8,50,1,auto,1,1,1.483,1.917,13.0,33.75,0,0,1,0,0,2,1,1
8,51,1,auto,1,1,1.483,2.083,13.0,45.0,0,0,1,0,0,2,1,1
9,52,1,auto,1,1,2.083,3.25,58.5,42.0,1,1,1,0,0,1,0,1
9,53,1,auto,1,1,2.083,3.25,54.0,42.0,1,1,1,0,0,1,0,1
9,54,1,auto,1,1,2.083,3.25,49.5,42.0,1,1,1,0,0,1,0,1
9,55,1,auto,1,1,2.083,3.25,45.0,42.0,1,1,1,0,0,1,0,1
9,56,1,auto,1,1,2.083,3.25,45.0,54.6,1,1,1,0,0,1,0,1
9,57,1,auto,1,1,2.083,3.583,45.0,54.6,1,2,1,0,0,1,0,1
9,58,2,rail,1,1,2.083,3.25,63.0,42.0,1,1,1,0,0,1,0,1
10,59,1,auto,1,1,2.0,1.7,22.5,62.4,1,2,0,0,0,2,0,0
10,60,2,rail,1,1,2.0,1.7,25.0,62.4,1,2,0,0,0,2,0,0
10,61,2,rail,1,1,2.0,1.533,25.0,52.0,0,2,0,0,0,2,0,0
10,62,2,rail,1,1,2.0,1.533,25.0,72.8,1,1,0,0,0,2,0,0
11,63,1,auto,1,1,1.533,2.033,24.5,27.0,2,1,0,0,1,1,0,1
11,64,1,auto,1,1,1.533,2.283,35.0,27.0,1,1,0,0,1,1,0,1
11,65,1,auto,1,1,1.533,2.283,35.0,35.1,1,1,0,0,1,1,0,1
11,66,2,rail,1,1,1.533,2.033,28.0,27.0,2,1,0,0,1,1,0,1
11,67,2,rail,1,1,1.533,2.033,31.5,27.0,2,1,0,0,1,1,0,1
11,68,2,rail,1,1,1.533,2.033,35.0,27.0,2,1,0,0,1,1,0,1
12,69,1,auto,1,1,2.333,2.0,10.0,15.0,1,1,0,1,1,3,1,0
12,70,1,auto,1,1,2.333,1.75,10.0,22.5,0,1,0,1,1,3,1,0
12,71,1,auto,1,1,2.333,2.0,11.0,15.0,1,1,0,1,1,3,1,0
12,72,2,rail,1,1,2.333,2.0,12.0,15.0,1,1,0,1,1,3,1,0
12,73,2,rail,1,1,2.333,2.333,10.0,15.0,0,0,0,1,1,3,1,0
13,74,1,auto,1,1,1.583,1.667,17.0,20.0,1,1,0,0,1,2,0,0
13,75,1,auto,1,1,1.583,1.917,17.0,30.0,1,1,0,0,1,2,0,0
13,76,2,rail,1,1,1.583,1.917,17.0,20.0,0,0,0,0,1,2,0,0
13,77,2,rail,1,1,1.583,1.667,18.7,20.0,1,1,0,0,1,2,0,0
14,78,1,auto,1,1,1.183,2.167,44.2,12.5,0,1,0,0,0,1,0,0
14,79,1,auto,1,1,1.183,2.167,40.8,12.5,0,1,0,0,0,1,0,0
14,80,1,auto,1,1,1.183,2.167,37.4,12.5,0,1,0,0,0,1,0,0
14,81,1,auto,1,1,1.183,2.167,34.0,12.5,0,1,0,0,0,1,0,0
14,82,1,auto,1,1,1.183,1.917,34.0,18.75,0,1,0,0,0,1,0,0
14,83,1,auto,1,1,1.183,1.917,34.0,12.5,2,0,0,0,0,1,0,0
14,84,2,rail,1,1,1.183,2.167,47.6,12.5,0,1,0,0,0,1,0,0
15,85,1,auto,1,1,1.417,1.583,9.75,17.5,0,1,0,0,0,4,0,0
15,86,1,auto,1,1,1.417,1.75,9.75,17.5,0,1,0,0,0,4,0,0
15,87,1,auto,1,1,1.417,1.583,9.75,26.25,0,1,0,0,0,4,0,0
15,88,2,rail,1,1,1.417,1.583,10.725,17.5,0,1,0,0,0,4,0,0
16,89,1,auto,1,1,2.25,2.5,20.0,63.0,0,2,1,0,0,1,0,1
16,90,1,auto,1,1,2.25,2.75,18.0,52.5,0,2,1,0,0,1,0,1
16,91,1,auto,1,1,2.25,2.5,20.0,52.5,1,1,1,0,0,1,0,1
16,92,2,rail,1,1,2.25,2.75,20.0,52.5,0,2,1,0,0,1,0,1
17,93,1,auto,1,1,1.517,1.667,5.5,15.0,1,1,0,0,1,2,0,1
17,94,1,auto,1,1,1.517,1.667,5.0,15.0,1,1,0,0,1,2,0,1
17,95,1,auto,1,1,1.517,2.083,5.0,15.0,0,0,0,0,1,2,0,1
17,96,1,auto,1,1,1.517,1.667,5.0,20.0,0,1,0,0,1,2,0,1
17,97,2,rail,1,1,1.517,1.667,6.0,15.0,1,1,0,0,1,2,0,1
18,98,1,auto,1,1,1.75,2.083,20.0,40.0,1,1,0,1,1,2,1,0
18,99,1,auto,1,1,1.75,2.083,20.0,36.0,0,1,0,1,1,2,1,0
18,100,1,auto,1,1,1.75,2.333,20.0,32.0,0,1,0,1,1,2,1,0
18,101,2,rail,1,1,1.75,2.083,22.0,36.0,0,1,0,1,1,2,1,0
19,102,1,auto,1,1,1.417,1.583,10.4,24.0,0,0,0,0,1,2,0,0
19,103,1,auto,1,1,1.417,1.583,9.6,24.0,0,0,0,0,1,2,0,0
19,104,1,auto,1,1,1.417,1.583,8.8,24.0,0,0,0,0,1,2,0,0
19,105,1,auto,1,1,1.417,1.583,8.0,24.0,0,0,0,0,1,2,0,0
19,106,1,auto,1,1,1.417,1.417,8.0,24.0,0,1,0,0,1,2,0,0
19,107,1,auto,1,1,1.417,1.75,8.0,27.0,0,0,0,0,1,2,0,0
19,108,1,auto,1,1,1.417,1.583,11.2,24.0,0,0,0,0,1,2,0,0
19,109,2,rail,1,1,1.417,1.583,12.0,24.0,0,0,0,0,1,2,0,0
20,110,1,auto,1,1,1.517,1.583,30.0,19.6,0,0,1,0,0,1,0,1
20,111,1,auto,1,1,1.517,1.583,30.0,23.8,0,1,1,0,0,1,0,1
20,112,1,auto,1,1,1.517,1.833,30.0,19.6,0,1,1,0,0,1,0,1
20,113,2,rail,1,1,1.517,1.583,33.0,19.6,0,0,1,0,0,1,0,1
21,114,1,auto,1,1,1.767,2.25,8.25,22.4,0,0,0,1,1,4,0,0
21,115,1,auto,1,1,1.767,2.25,7.7,22.4,0,0,0,1,1,4,0,0
21,116,1,auto,1,1,1.767,2.25,7.15,22.4,0,0,0,1,1,4,0,0
21,117,1,auto,1,1,1.767,2.25,6.6,22.4,0,0,0,1,1,4,0,0
21,118,1,auto,1,1,1.767,2.25,6.05,22.4,0,0,0,1,1,4,0,0
21,119,1,auto,1,1,1.767,2.25,5.5,22.4,0,0,0,1,1,4,0,0
21,120,1,auto,1,1,1.767,2.083,5.5,22.4,1,1,0,1,1,4,0,0
21,121,1,auto,1,1,1.767,2.083,5.5,25.2,0,1,0,1,1,4,0,0
22,122,1,auto,1,1,1.783,2.333,15.0,35.0,1,2,0,0,0,2,0,0
22,123,1,auto,1,1,1.783,1.917,13.5,35.0,2,1,0,0,0,2,0,0
22,124,1,auto,1,1,1.783,2.167,15.0,35.0,1,1,0,0,0,2,0,0
22,125,2,rail,1,1,1.783,1.917,15.0,35.0,2,1,0,0,0,2,0,0
23,126,1,auto,1,1,1.5,1.833,15.75,35.0,0,1,0,0,1,2,0,1
23,127,1,auto,1,1,1.5,1.667,17.5,40.25,0,1,0,0,1,2,0,1
23,128,1,auto,1,1,1.5,1.667,17.5,35.0,1,2,0,0,1,2,0,1
23,129,2,rail,1,1,1.5,1.833,17.5,35.0,0,1,0,0,1,2,0,1
24,130,1,auto,1,1,1.35,1.583,20.0,32.0,0,1,0,0,1,2,0,0
24,131,1,auto,1,1,1.35,1.583,20.0,40.0,0,0,0,0,1,2,0,0
24,132,1,auto,1,1,1.35,1.75,20.0,36.0,0,0,0,0,1,2,0,0
24,133,1,auto,1,1,1.35,1.583,22.0,32.0,0,1,0,0,1,2,0,0
24,134,2,rail,1,1,1.35,1.583,24.0,32.0,0,1,0,0,1,2,0,0
25,135,1,auto,1,1,1.533,1.667,52.5,31.5,0,0,0,0,0,1,0,1
25,136,1,auto,1,1,1.533,1.667,49.0,31.5,0,0,0,0,0,1,0,1
25,137,1,auto,1,1,1.533,1.667,45.5,31.5,0,0,0,0,0,1,0,1
25,138,1,auto,1,1,1.533,1.667,42.0,31.5,0,0,0,0,0,1,0,1
25,139,1,auto,1,1,1.533,1.667,38.5,31.5,0,0,0,0,0,1,0,1
25,140,1,auto,1,1,1.533,1.667,35.0,31.5,0,0,0,0,0,1,0,1
25,141,1,auto,1,1,1.533,1.667,35.0,28.0,1,1,0,0,0,1,0,1
25,142,1,auto,1,1,1.533,1.917,35.0,28.0,0,1,0,0,0,1,0,1
26,143,1,auto,1,1,2.583,1.917,5.625,31.5,0,0,0,1,1,4,0,0
26,144,1,auto,1,1,2.583,1.917,5.25,31.5,0,0,0,1,1,4,0,0
26,145,1,auto,1,1,2.583,1.917,4.875,31.5,0,0,0,1,1,4,0,0
26,146,1,auto,1,1,2.583,1.917,4.5,31.5,0,0,0,1,1,4,0,0
26,147,1,auto,1,1,2.583,1.917,4.125,31.5,0,0,0,1,1,4,0,0
26,148,1,auto,1,1,2.583,1.917,3.75,31.5,0,0,0,1,1,4,0,0
26,149,1,auto,1,1,2.583,1.75,3.75,28.0,0,1,0,1,1,4,0,0
26,150,1,auto,1,1,2.583,1.75,3.75,31.5,1,1,0,1,1,4,0,0
27,151,1,auto,1,1,1.767,2.333,5.0,39.2,1,1,0,0,1,2,1,1
27,152,1,auto,1,1,1.767,2.5,5.0,39.2,0,1,0,0,1,2,1,1
27,153,2,rail,1,1,1.767,2.333,2.5,33.6,0,1,0,0,1,2,1,1
27,154,2,rail,1,1,1.767,2.333,3.0,33.6,0,1,0,0,1,2,1,1
27,155,2,rail,1,1,1.767,2.333,3.5,33.6,0,1,0,0,1,2,1,1
27,156,2,rail,1,1,1.767,2.333,4.0,33.6,0,1,0,0,1,2,1,1
27,157,2,rail,1,1,1.767,2.333,4.5,33.6,0,1,0,0,1,2,1,1
27,158,2,rail,1,1,1.767,2.333,5.0,33.6,0,1,0,0,1,2,1,1
28,159,1,auto,1,1,2.5,2.217,9.0,31.85,0,2,0,0,1,2,1,1
28,160,2,rail,1,1,2.5,2.217,10.0,31.85,0,2,0,0,1,2,1,1
28,161,2,rail,1,1,2.5,2.217,10.0,28.15,0,1,0,0,1,2,1,1
28,162,2,rail,1,1,2.5,2.05,10.0,31.85,0,1,0,0,1,2,1,1
28,163,2,rail,1,1,2.5,1.8,10.0,31.85,1,1,0,0,1,2,1,1
29,164,1,auto,1,1,2.167,1.75,3.75,28.0,1,1,0,0,1,4,0,1
29,165,1,auto,1,1,2.167,1.75,3.5,28.0,1,1,0,0,1,4,0,1
29,166,1,auto,1,1,2.167,1.75,3.25,28.0,1,1,0,0,1,4,0,1
29,167,1,auto,1,1,2.167,1.75,3.0,28.0,1,1,0,0,1,4,0,1
29,168,1,auto,1,1,2.167,1.75,2.75,28.0,1,1,0,0,1,4,0,1
29,169,1,auto,1,1,2.167,1.75,2.5,28.0,1,1,0,0,1,4,0,1
29,170,1,auto,1,1,2.167,2.0,2.5,28.0,0,1,0,0,1,4,0,1
29,171,1,auto,1,1,2.167,1.75,2.5,35.0,0,0,0,0,1,4,0,1
30,172,1,auto,1,1,1.517,2.5,18.75,21.0,0,0,0,1,0,4,0,0
30,173,1,auto,1,1,1.517,2.5,17.5,21.0,0,0,0,1,0,4,0,0
30,174,1,auto,1,1,1.517,2.5,16.25,21.0,0,0,0,1,0,4,0,0
30,175,1,auto,1,1,1.517,2.5,15.0,21.0,0,0,0,1,0,4,0,0
30,176,1,auto,1,1,1.517,2.5,13.75,21.0,0,0,0,1,0,4,0,0
30,177,1,auto,1,1,1.517,2.5,12.5,21.0,0,0,0,1,0,4,0,0
30,178,1,auto,1,1,1.517,2.083,12.5,21.0,1,1,0,1,0,4,0,0
30,179,1,auto,1,1,1.517,2.25,12.5,28.0,1,0,0,1,0,4,0,0
31,180,2,rail,1,1,2.833,2.417,11.25,13.0,0,2,0,1,1,2,0,0
31,181,2,rail,1,1,2.833,2.417,13.5,13.0,0,2,0,1,1,2,0,0
31,182,2,rail,1,1,2.833,2.417,15.75,13.0,0,2,0,1,1,2,0,0
31,183,2,rail,1,1,2.833,2.417,18.0,13.0,0,2,0,1,1,2,0,0
31,184,2,rail,1,1,2.833,2.417,20.25,13.0,0,2,0,1,1,2,0,0
31,185,2,rail,1,1,2.833,2.417,22.5,13.0,0,2,0,1,1,2,0,0
31,186,2,rail,1,1,2.833,2.75,22.5,11.5,0,2,0,1,1,2,0,0
31,187,2,rail,1,1,2.833,2.75,22.5,13.0,1,1,0,1,1,2,0,0
31,188,2,rail,1,1,2.833,2.417,22.5,11.5,1,1,0,1,1,2,0,0
32,189,2,rail,1,1,2.0,1.783,7.5,42.55,1,2,1,1,0,1,0,1
32,190,2,rail,1,1,2.0,1.783,9.0,42.55,1,2,1,1,0,1,0,1
32,191,2,rail,1,1,2.0,1.783,10.5,42.55,1,2,1,1,0,1,0,1
32,192,2,rail,1,1,2.0,1.783,12.0,42.55,1,2,1,1,0,1,0,1
32,193,2,rail,1,1,2.0,1.783,13.5,42.55,1,2,1,1,0,1,0,1
32,194,2,rail,1,1,2.0,1.783,15.0,42.55,1,2,1,1,0,1,0,1
32,195,2,rail,1,1,2.0,2.033,15.0,37.0,0,2,1,1,0,1,0,1
32,196,2,rail,1,1,2.0,2.033,15.0,48.1,1,1,1,1,0,1,0,1
32,197,2,rail,1,1,2.0,2.033,15.0,42.55,0,1,1,1,0,1,0,1
33,198,1,auto,1,1,1.55,1.917,11.25,30.0,0,1,0,1,0,2,1,1
33,199,1,auto,1,1,1.55,1.917,10.5,30.0,0,1,0,1,0,2,1,1
33,200,1,auto,1,1,1.55,1.917,9.75,30.0,0,1,0,1,0,2,1,1
33,201,1,auto,1,1,1.55,1.917,9.0,30.0,0,1,0,1,0,2,1,1
33,202,1,auto,1,1,1.55,1.917,8.25,30.0,0,1,0,1,0,2,1,1
33,203,1,auto,1,1,1.55,1.917,7.5,30.0,0,1,0,1,0,2,1,1
33,204,1,auto,1,1,1.55,2.333,7.5,30.0,0,0,0,1,0,2,1,1
33,205,1,auto,1,1,1.55,1.917,7.5,33.75,0,1,0,1,0,2,1,1
34,206,1,auto,1,1,2.0,1.75,15.0,38.0,0,1,0,0,1,2,1,0
34,207,2,rail,1,1,2.0,1.75,16.5,38.0,0,1,0,0,1,2,1,0
34,208,2,rail,1,1,2.0,1.583,15.0,38.0,0,1,0,0,1,2,1,0
34,209,2,rail,1,1,2.0,1.75,15.0,28.5,0,1,0,0,1,2,1,0
35,210,1,auto,1,1,1.267,2.25,7.5,24.0,0,0,0,1,0,4,0,0
35,211,1,auto,1,1,1.267,2.0,7.5,24.0,1,1,0,1,0,4,0,0
35,212,1,auto,1,1,1.267,2.583,7.5,24.0,1,1,0,1,0,4,0,0
35,213,1,auto,1,1,1.267,2.25,10.5,24.0,0,0,0,1,0,4,0,0
35,214,1,auto,1,1,1.267,2.25,9.75,24.0,0,0,0,1,0,4,0,0
35,215,1,auto,1,1,1.267,2.25,9.0,24.0,0,0,0,1,0,4,0,0
35,216,1,auto,1,1,1.267,2.25,8.25,24.0,0,0,0,1,0,4,0,0
36,217,1,auto,1,1,2.583,2.333,18.75,56.25,1,1,0,0,0,2,0,0
36,218,1,auto,1,1,2.583,2.333,17.5,56.25,1,1,0,0,0,2,0,0
36,219,1,auto,1,1,2.583,2.333,16.25,56.25,1,1,0,0,0,2,0,0
36,220,1,auto,1,1,2.583,2.333,15.0,56.25,1,1,0,0,0,2,0,0
36,221,1,auto,1,1,2.583,2.333,13.75,56.25,1,1,0,0,0,2,0,0
36,222,1,auto,1,1,2.583,2.333,12.5,56.25,1,1,0,0,0,2,0,0
36,223,1,auto,1,1,2.583,2.5,12.5,56.25,0,0,0,0,0,2,0,0
36,224,2,rail,1,1,2.583,2.75,12.5,37.5,1,0,0,0,0,2,0,0
36,225,2,rail,1,1,2.583,2.5,12.5,37.5,1,1,0,0,0,2,0,0
37,226,1,auto,1,1,1.333,2.417,16.5,26.0,1,1,0,0,1,2,1,1
37,227,1,auto,1,1,1.333,2.417,15.4,26.0,1,1,0,0,1,2,1,1
37,228,1,auto,1,1,1.333,2.417,14.3,26.0,1,1,0,0,1,2,1,1
37,229,1,auto,1,1,1.333,2.417,13.2,26.0,1,1,0,0,1,2,1,1
37,230,1,auto,1,1,1.333,2.417,12.1,26.0,1,1,0,0,1,2,1,1
37,231,1,auto,1,1,1.333,2.417,11.0,26.0,1,1,0,0,1,2,1,1
37,232,1,auto,1,1,1.333,2.917,11.0,26.0,2,0,0,0,1,2,1,1
37,233,1,auto,1,1,1.333,2.917,11.0,39.0,0,1,0,0,1,2,1,1
38,234,1,auto,1,1,1.417,1.667,37.5,36.0,1,0,0,0,0,2,1,1
38,235,1,auto,1,1,1.417,1.667,35.0,36.0,1,0,0,0,0,2,1,1
38,236,1,auto,1,1,1.417,1.667,32.5,36.0,1,0,0,0,0,2,1,1
38,237,1,auto,1,1,1.417,1.667,30.0,36.0,1,0,0,0,0,2,1,1
38,238,1,auto,1,1,1.417,1.667,27.5,36.0,1,0,0,0,0,2,1,1
38,239,1,auto,1,1,1.417,1.667,25.0,36.0,1,0,0,0,0,2,1,1
38,240,1,auto,1,1,1.417,1.833,25.0,25.2,0,0,0,0,0,2,1,1
38,241,1,auto,1,1,1.417,1.667,25.0,25.2,1,1,0,0,0,2,1,1
39,242,1,auto,1,1,1.2,2.2,48.0,56.0,2,1,1,0,0,1,0,1
39,243,2,rail,1,1,1.2,2.2,54.0,56.0,2,1,1,0,0,1,0,1
39,244,2,rail,1,1,1.2,2.2,60.0,56.0,2,1,1,0,0,1,0,1
39,245,2,rail,1,1,1.2,1.783,60.0,56.0,1,2,1,0,0,1,0,1
39,246,2,rail,1,1,1.2,2.033,60.0,48.0,2,2,1,0,0,1,0,1
39,247,2,rail,1,1,1.2,2.033,60.0,56.0,1,1,1,0,0,1,0,1
40,248,1,auto,1,1,2.25,2.5,20.0,69.0,1,2,1,1,0,1,0,1
40,249,1,auto,1,1,2.25,2.25,25.0,78.0,1,1,1,1,0,1,0,1
40,250,1,auto,1,1,2.25,2.75,25.0,69.0,2,1,1,1,0,1,0,1
40,251,2,rail,1,1,2.25,2.5,22.5,69.0,1,2,1,1,0,1,0,1
40,252,2,rail,1,1,2.25,2.5,25.0,69.0,1,2,1,1,0,1,0,1
41,253,1,auto,1,1,1.267,2.167,60.0,34.0,0,0,0,1,0,2,0,0
41,254,1,auto,1,1,1.267,2.167,55.0,34.0,0,0,0,1,0,2,0,0
41,255,1,auto,1,1,1.267,2.167,49.995,34.0,0,0,0,1,0,2,0,0
41,256,1,auto,1,1,1.267,1.917,49.995,28.0,0,1,0,1,0,2,0,0
41,257,1,auto,1,1,1.267,2.5,49.995,40.0,0,1,0,1,0,2,0,0
41,258,2,rail,1,1,1.267,2.167,65.0,34.0,0,0,0,1,0,2,0,0
42,259,1,auto,1,1,1.267,1.917,11.25,20.4,0,0,0,1,0,4,0,0
42,260,1,auto,1,1,1.267,1.583,11.25,20.4,0,1,0,1,0,4,0,0
42,261,1,auto,1,1,1.267,1.583,11.25,27.2,0,1,0,1,0,4,0,0
42,262,2,rail,1,1,1.267,1.917,12.375,20.4,0,0,0,1,0,4,0,0
43,263,1,auto,1,1,2.017,2.5,10.313,35.0,1,2,0,0,0,4,0,1
43,264,1,auto,1,1,2.017,2.5,9.375,35.0,1,2,0,0,0,4,0,1
43,265,1,auto,1,1,2.017,2.5,9.375,38.5,1,1,0,0,0,4,0,1
43,266,1,auto,1,1,2.017,3.083,9.375,35.0,2,1,0,0,0,4,0,1
43,267,1,auto,1,1,2.017,2.5,11.25,35.0,1,2,0,0,0,4,0,1
43,268,2,rail,1,1,2.017,2.5,13.125,35.0,1,2,0,0,0,4,0,1
44,269,1,auto,1,1,2.017,2.25,54.0,35.0,1,1,0,0,1,1,1,1
44,270,1,auto,1,1,2.017,2.25,50.4,35.0,1,1,0,0,1,1,1,1
44,271,1,auto,1,1,2.017,2.25,46.8,35.0,1,1,0,0,1,1,1,1
44,272,1,auto,1,1,2.017,2.25,43.2,35.0,1,1,0,0,1,1,1,1
44,273,1,auto,1,1,2.017,2.25,39.6,35.0,1,1,0,0,1,1,1,1
44,274,1,auto,1,1,2.017,2.25,36.0,35.0,1,1,0,0,1,1,1,1
44,275,1,auto,1,1,2.017,2.5,36.0,35.0,0,1,0,0,1,1,1,1
44,276,1,auto,1,1,2.017,2.25,36.0,50.0,0,0,0,0,1,1,1,1
45,277,1,auto,1,1,1.5,1.333,15.867,18.0,0,1,0,0,1,3,0,0
45,278,1,auto,1,1,1.5,1.333,14.733,18.0,0,1,0,0,1,3,0,0
45,279,1,auto,1,1,1.5,1.333,13.6,18.0,0,1,0,0,1,3,0,0
45,280,1,auto,1,1,1.5,1.333,12.467,18.0,0,1,0,0,1,3,0,0
45,281,1,auto,1,1,1.5,1.333,11.333,18.0,0,1,0,0,1,3,0,0
45,282,1,auto,1,1,1.5,1.583,11.333,18.0,0,1,0,0,1,3,0,0
45,283,1,auto,1,1,1.5,1.583,11.333,24.0,0,1,0,0,1,3,0,0
45,284,2,rail,1,1,1.5,1.333,17.0,18.0,0,1,0,0,1,3,0,0
46,285,1,auto,1,1,1.083,1.667,4.688,23.1,1,0,0,0,0,4,0,0
46,286,1,auto,1,1,1.083,1.667,4.375,23.1,1,0,0,0,0,4,0,0
46,287,1,auto,1,1,1.083,1.667,4.063,23.1,1,0,0,0,0,4,0,0
46,288,1,auto,1,1,1.083,1.667,3.75,23.1,1,0,0,0,0,4,0,0
46,289,1,auto,1,1,1.083,1.667,3.438,23.1,1,0,0,0,0,4,0,0
46,290,1,auto,1,1,1.083,1.667,3.125,23.1,1,0,0,0,0,4,0,0
46,291,1,auto,1,1,1.083,1.833,3.125,28.05,0,0,0,0,0,4,0,0
46,292,1,auto,1,1,1.083,1.667,3.125,28.05,1,1,0,0,0,4,0,0
47,293,1,auto,1,1,1.25,1.333,7.5,16.0,0,0,0,0,0,3,1,0
47,294,1,auto,1,1,1.25,1.333,7.0,16.0,0,0,0,0,0,3,1,0
47,295,1,auto,1,1,1.25,1.333,6.5,16.0,0,0,0,0,0,3,1,0
47,296,1,auto,1,1,1.25,1.333,6.0,16.0,0,0,0,0,0,3,1,0
47,297,1,auto,1,1,1.25,1.333,5.5,16.0,0,0,0,0,0,3,1,0
47,298,1,auto,1,1,1.25,1.333,5.0,16.0,0,0,0,0,0,3,1,0
47,299,1,auto,1,1,1.25,1.167,5.0,16.0,1,1,0,0,0,3,1,0
47,300,1,auto,1,1,1.25,1.5,5.0,16.0,1,1,0,0,0,3,1,0
48,301,1,auto,1,1,2.083,1.667,6.875,36.0,0,1,0,0,1,4,0,0
48,302,1,auto,1,1,2.083,1.667,6.25,36.0,0,1,0,0,1,4,0,0
48,303,1,auto,1,1,2.083,2.0,6.25,36.0,0,1,0,0,1,4,0,0
48,304,2,rail,1,1,2.083,2.0,6.25,32.0,0,0,0,0,1,4,0,0
48,305,2,rail,1,1,2.083,1.667,8.125,36.0,0,1,0,0,1,4,0,0
49,306,1,auto,1,1,1.583,1.333,15.4,22.5,0,1,0,0,1,2,0,0
49,307,1,auto,1,1,1.583,1.333,14.3,22.5,0,1,0,0,1,2,0,0
49,308,1,auto,1,1,1.583,1.333,13.2,22.5,0,1,0,0,1,2,0,0
49,309,1,auto,1,1,1.583,1.333,12.1,22.5,0,1,0,0,1,2,0,0
49,310,1,auto,1,1,1.583,1.333,11.0,22.5,0,1,0,0,1,2,0,0
49,311,1,auto,1,1,1.583,1.583,11.0,22.5,1,0,0,0,1,2,0,0
49,312,1,auto,1,1,1.583,1.583,11.0,33.75,1,1,0,0,1,2,0,0
49,313,2,rail,1,1,1.583,1.333,16.5,22.5,0,1,0,0,1,2,0,0
50,314,1,auto,1,1,1.833,2.5,27.9,14.0,0,2,0,1,1,1,1,1
50,315,2,rail,1,1,1.833,2.5,31.0,14.0,0,2,0,1,1,1,1,1
50,316,2,rail,1,1,1.833,2.333,31.0,14.0,1,1,0,1,1,1,1,1
50,317,2,rail,1,1,1.833,2.333,31.0,10.0,0,2,0,1,1,1,1,1
50,318,2,rail,1,1,1.833,2.083,31.0,12.0,1,2,0,1,1,1,1,1
51,319,1,auto,1,1,1.767,2.0,23.0,69.35,1,2,1,1,0,1,0,1
51,320,2,rail,1,1,1.767,2.5,11.5,69.35,2,1,1,1,0,1,0,1
51,321,2,rail,1,1,1.767,2.5,13.8,69.35,2,1,1,1,0,1,0,1
51,322,2,rail,1,1,1.767,2.5,16.1,69.35,2,1,1,1,0,1,0,1
51,323,2,rail,1,1,1.767,2.5,18.4,69.35,2,1,1,1,0,1,0,1
51,324,2,rail,1,1,1.767,2.5,20.7,69.35,2,1,1,1,0,1,0,1
51,325,2,rail,1,1,1.767,2.5,23.0,69.35,2,1,1,1,0,1,0,1
51,326,2,rail,1,1,1.767,2.5,23.0,60.3,1,1,1,1,0,1,0,1
53,327,1,auto,1,1,2.25,1.667,7.5,28.0,0,0,0,0,1,2,0,1
53,328,1,auto,1,1,2.25,1.667,7.0,28.0,0,0,0,0,1,2,0,1
53,329,1,auto,1,1,2.25,1.667,6.5,28.0,0,0,0,0,1,2,0,1
53,330,1,auto,1,1,2.25,1.667,6.0,28.0,0,0,0,0,1,2,0,1
53,331,1,auto,1,1,2.25,1.667,5.5,28.0,0,0,0,0,1,2,0,1
53,332,1,auto,1,1,2.25,1.667,4.995,28.0,0,0,0,0,1,2,0,1
53,333,1,auto,1,1,2.25,1.5,4.995,40.0,0,0,0,0,1,2,0,1
53,334,1,auto,1,1,2.25,1.5,4.995,34.0,0,1,0,0,1,2,0,1
54,335,1,auto,1,1,1.583,1.267,11.25,29.75,1,0,0,1,1,2,1,0
54,336,1,auto,1,1,1.583,1.267,10.5,29.75,1,0,0,1,1,2,1,0
54,337,1,auto,1,1,1.583,1.267,9.75,29.75,1,0,0,1,1,2,1,0
54,338,1,auto,1,1,1.583,1.267,9.0,29.75,1,0,0,1,1,2,1,0
54,339,1,auto,1,1,1.583,1.267,8.25,29.75,1,0,0,1,1,2,1,0
54,340,1,auto,1,1,1.583,1.267,7.5,29.75,1,0,0,1,1,2,1,0
54,341,1,auto,1,1,1.583,1.683,7.5,29.75,0,1,0,1,1,2,1,0
54,342,1,auto,1,1,1.583,1.683,7.5,36.15,1,0,0,1,1,2,1,0
55,343,1,auto,1,1,1.267,2.167,10.0,47.6,0,0,0,1,0,2,0,0
55,344,1,auto,1,1,1.267,2.333,10.0,39.2,0,0,0,1,0,2,0,0
55,345,1,auto,1,1,1.267,2.167,10.0,39.2,0,1,0,1,0,2,0,0
55,346,2,rail,1,1,1.267,2.167,11.0,47.6,0,0,0,1,0,2,0,0
56,347,1,auto,1,1,1.017,3.083,18.0,50.0,1,1,0,0,0,1,0,0
56,348,1,auto,1,1,1.017,3.083,16.8,50.0,1,1,0,0,0,1,0,0
56,349,1,auto,1,1,1.017,3.083,15.6,50.0,1,1,0,0,0,1,0,0
56,350,1,auto,1,1,1.017,3.083,14.4,50.0,1,1,0,0,0,1,0,0
56,351,1,auto,1,1,1.017,3.083,13.2,50.0,1,1,0,0,0,1,0,0
56,352,1,auto,1,1,1.017,3.083,12.0,50.0,1,1,0,0,0,1,0,0
56,353,1,auto,1,1,1.017,2.5,12.0,57.5,1,1,0,0,0,1,0,0
56,354,1,auto,1,1,1.017,2.5,12.0,50.0,1,2,0,0,0,1,0,0
57,355,1,auto,1,1,2.033,1.417,11.0,15.0,1,0,0,1,0,3,1,0
57,356,1,auto,1,1,2.033,1.417,10.0,15.0,1,0,0,1,0,3,1,0
57,357,1,auto,1,1,2.033,1.583,10.0,22.5,0,0,0,1,0,3,1,0
57,358,1,auto,1,1,2.033,1.25,10.0,30.0,1,0,0,1,0,3,1,0
57,359,2,rail,1,1,2.033,1.417,12.0,15.0,1,0,0,1,0,3,1,0
58,360,1,auto,1,1,2.117,2.433,7.5,44.9,1,2,0,0,1,2,1,1
58,361,1,auto,1,1,2.117,3.05,7.5,44.9,2,1,0,0,1,2,1,1
58,362,2,rail,1,1,2.117,2.717,3.75,44.9,1,1,0,0,1,2,1,1
58,363,2,rail,1,1,2.117,2.717,4.5,44.9,1,1,0,0,1,2,1,1
58,364,2,rail,1,1,2.117,2.717,5.25,44.9,1,1,0,0,1,2,1,1
58,365,2,rail,1,1,2.117,2.717,6.0,44.9,1,1,0,0,1,2,1,1
58,366,2,rail,1,1,2.117,2.717,6.75,44.9,1,1,0,0,1,2,1,1
58,367,2,rail,1,1,2.117,2.717,7.5,44.9,1,1,0,0,1,2,1,1
59,368,1,auto,1,1,2.017,2.417,13.125,21.0,0,0,0,0,1,4,1,1
59,369,1,auto,1,1,2.017,2.417,12.25,21.0,0,0,0,0,1,4,1,1
59,370,1,auto,1,1,2.017,2.417,11.375,21.0,0,0,0,0,1,4,1,1
59,371,1,auto,1,1,2.017,2.417,10.5,21.0,0,0,0,0,1,4,1,1
59,372,1,auto,1,1,2.017,2.417,9.625,21.0,0,0,0,0,1,4,1,1
59,373,1,auto,1,1,2.017,2.417,8.75,21.0,0,0,0,0,1,4,1,1
59,374,1,auto,1,1,2.017,2.583,8.75,21.0,0,1,0,0,1,4,1,1
59,375,1,auto,1,1,2.017,2.833,8.75,25.5,0,0,0,0,1,4,1,1
60,376,1,auto,1,1,1.333,1.833,15.0,24.0,1,0,0,1,0,2,1,0
60,377,1,auto,1,1,1.333,1.833,13.75,24.0,1,0,0,1,0,2,1,0
60,378,1,auto,1,1,1.333,1.833,12.5,24.0,1,0,0,1,0,2,1,0
60,379,1,auto,1,1,1.333,2.083,12.5,24.0,1,1,0,1,0,2,1,0
60,380,1,auto,1,1,1.333,2.083,12.5,32.0,0,0,0,1,0,2,1,0
60,381,2,rail,1,1,1.333,1.833,16.25,24.0,1,0,0,1,0,2,1,0
61,382,1,auto,1,1,1.283,1.417,8.333,38.25,0,1,0,1,1,3,1,1
61,383,1,auto,1,1,1.283,1.583,8.333,38.25,0,0,0,1,1,3,1,1
61,384,1,auto,1,1,1.283,1.417,9.167,34.0,0,0,0,1,1,3,1,1
61,385,1,auto,1,1,1.283,1.417,8.333,34.0,0,0,0,1,1,3,1,1
61,386,2,rail,1,1,1.283,1.417,10.0,34.0,0,0,0,1,1,3,1,1
62,387,1,auto,1,1,1.583,1.667,11.25,22.5,0,2,1,0,0,4,0,1
62,388,1,auto,1,1,1.583,2.0,12.5,15.0,0,2,1,0,0,4,0,1
62,389,2,rail,1,1,1.583,1.667,12.5,22.5,0,2,1,0,0,4,0,1
62,390,2,rail,1,1,1.583,2.0,12.5,18.75,0,1,1,0,0,4,0,1
63,391,1,auto,1,1,2.167,2.283,9.9,29.4,0,0,0,0,1,2,0,0
63,392,1,auto,1,1,2.167,2.283,9.0,29.4,0,0,0,0,1,2,0,0
63,393,1,auto,1,1,2.167,1.7,9.0,29.4,1,1,0,0,1,2,0,0
63,394,1,auto,1,1,2.167,1.7,9.0,35.7,0,1,0,0,1,2,0,0
63,395,1,auto,1,1,2.167,2.283,10.8,29.4,0,0,0,0,1,2,0,0
63,396,2,rail,1,1,2.167,2.283,11.7,29.4,0,0,0,0,1,2,0,0
64,397,1,auto,1,1,1.583,2.217,1.2,12.0,1,1,0,0,1,4,1,0
64,398,1,auto,1,1,1.583,2.217,1.2,16.8,1,1,0,0,1,4,1,0
64,399,2,rail,1,1,1.583,1.967,0.6,12.0,2,1,0,0,1,4,1,0
64,400,2,rail,1,1,1.583,1.967,0.72,12.0,2,1,0,0,1,4,1,0
64,401,2,rail,1,1,1.583,1.967,0.84,12.0,2,1,0,0,1,4,1,0
64,402,2,rail,1,1,1.583,1.967,0.96,12.0,2,1,0,0,1,4,1,0
64,403,2,rail,1,1,1.583,1.967,1.08,12.0,2,1,0,0,1,4,1,0
64,404,2,rail,1,1,1.583,1.967,1.2,12.0,2,1,0,0,1,4,1,0
65,405,1,auto,1,1,1.767,1.5,0.375,26.4,0,1,0,0,0,4,0,0
65,406,1,auto,1,1,1.767,1.5,0.35,26.4,0,1,0,0,0,4,0,0
65,407,1,auto,1,1,1.767,1.5,0.325,26.4,0,1,0,0,0,4,0,0
65,408,1,auto,1,1,1.767,1.5,0.3,26.4,0,1,0,0,0,4,0,0
65,409,1,auto,1,1,1.767,1.5,0.275,26.4,0,1,0,0,0,4,0,0
65,410,1,auto,1,1,1.767,1.5,0.25,26.4,0,1,0,0,0,4,0,0
65,411,1,auto,1,1,1.767,1.5,0.25,29.7,0,1,0,0,0,4,0,0
65,412,1,auto,1,1,1.767,1.667,0.25,26.4,0,1,0,0,0,4,0,0
66,413,1,auto,1,1,1.517,2.8,20.0,47.05,1,1,0,1,1,2,0,0
66,414,1,auto,1,1,1.517,2.8,40.0,36.2,0,2,0,1,1,2,0,0
66,415,2,rail,1,1,1.517,2.8,24.0,47.05,1,1,0,1,1,2,0,0
66,416,2,rail,1,1,1.517,2.8,28.0,47.05,1,1,0,1,1,2,0,0
66,417,2,rail,1,1,1.517,2.8,32.0,47.05,1,1,0,1,1,2,0,0
66,418,2,rail,1,1,1.517,2.8,36.0,47.05,1,1,0,1,1,2,0,0
66,419,2,rail,1,1,1.517,2.8,40.0,47.05,1,1,0,1,1,2,0,0
66,420,2,rail,1,1,1.517,2.967,40.0,47.05,0,1,0,1,1,2,0,0
67,421,1,auto,1,1,1.75,2.083,3.333,22.0,0,1,0,1,0,4,1,0
67,422,1,auto,1,1,1.75,2.083,4.167,27.5,0,1,0,1,0,4,1,0
67,423,1,auto,1,1,1.75,1.833,4.167,33.0,0,1,0,1,0,4,1,0
67,424,2,rail,1,1,1.75,2.083,3.75,22.0,0,1,0,1,0,4,1,0
67,425,2,rail,1,1,1.75,2.083,4.167,22.0,0,1,0,1,0,4,1,0
68,426,1,auto,1,1,2.083,1.917,3.75,21.0,0,0,0,1,0,4,0,1
68,427,1,auto,1,1,2.083,1.917,3.5,21.0,0,0,0,1,0,4,0,1
68,428,1,auto,1,1,2.083,1.917,3.25,21.0,0,0,0,1,0,4,0,1
68,429,1,auto,1,1,2.083,1.917,3.0,21.0,0,0,0,1,0,4,0,1
68,430,1,auto,1,1,2.083,1.917,2.75,21.0,0,0,0,1,0,4,0,1
68,431,1,auto,1,1,2.083,1.917,2.5,21.0,0,0,0,1,0,4,0,1
68,432,1,auto,1,1,2.083,1.5,2.5,21.0,1,1,0,1,0,4,0,1
68,433,1,auto,1,1,2.083,1.5,2.5,28.0,0,1,0,1,0,4,0,1
69,434,1,auto,1,1,1.917,2.5,7.5,20.3,0,0,0,0,1,4,1,0
69,435,1,auto,1,1,1.917,2.5,7.0,20.3,0,0,0,0,1,4,1,0
69,436,1,auto,1,1,1.917,2.5,6.5,20.3,0,0,0,0,1,4,1,0
69,437,1,auto,1,1,1.917,2.5,6.0,20.3,0,0,0,0,1,4,1,0
69,438,1,auto,1,1,1.917,2.5,5.5,20.3,0,0,0,0,1,4,1,0
69,439,1,auto,1,1,1.917,2.5,5.0,20.3,0,0,0,0,1,4,1,0
69,440,1,auto,1,1,1.917,2.25,5.0,29.0,1,0,0,0,1,4,1,0
69,441,1,auto,1,1,1.917,2.25,5.0,24.65,0,1,0,0,1,4,1,0
70,442,1,auto,1,1,2.017,2.417,45.0,33.0,1,1,1,0,0,1,0,0
70,443,1,auto,1,1,2.017,2.25,50.0,33.0,2,1,1,0,0,1,0,0
70,444,1,auto,1,1,2.017,2.0,50.0,33.0,1,2,1,0,0,1,0,0
70,445,2,rail,1,1,2.017,2.417,50.0,33.0,1,1,1,0,0,1,0,0
71,446,1,auto,1,1,1.267,2.167,30.0,35.0,0,1,0,0,1,1,1,0
71,447,1,auto,1,1,1.267,2.167,28.0,35.0,0,1,0,0,1,1,1,0
71,448,1,auto,1,1,1.267,2.167,26.0,35.0,0,1,0,0,1,1,1,0
71,449,1,auto,1,1,1.267,2.167,24.0,35.0,0,1,0,0,1,1,1,0
71,450,1,auto,1,1,1.267,2.167,22.0,35.0,0,1,0,0,1,1,1,0
71,451,1,auto,1,1,1.267,2.167,20.0,35.0,0,1,0,0,1,1,1,0
71,452,1,auto,1,1,1.267,2.0,20.0,35.0,1,1,0,0,1,1,1,0
71,453,1,auto,1,1,1.267,2.333,20.0,40.25,0,1,0,0,1,1,1,0
72,454,1,auto,1,1,1.333,1.583,40.0,24.0,0,0,0,1,0,1,0,0
72,455,1,auto,1,1,1.333,1.75,40.0,30.0,0,0,0,1,0,1,0,0
72,456,2,rail,1,1,1.333,1.583,44.0,24.0,0,0,0,1,0,1,0,0
72,457,2,rail,1,1,1.333,1.417,40.0,18.0,0,0,0,1,0,1,0,0
73,458,1,auto,1,1,1.533,2.5,19.5,20.0,0,0,0,0,0,2,0,0
73,459,1,auto,1,1,1.533,2.5,18.2,20.0,0,0,0,0,0,2,0,0
73,460,1,auto,1,1,1.533,2.5,16.9,20.0,0,0,0,0,0,2,0,0
73,461,1,auto,1,1,1.533,2.5,15.6,20.0,0,0,0,0,0,2,0,0
73,462,1,auto,1,1,1.533,2.5,14.3,20.0,0,0,0,0,0,2,0,0
73,463,1,auto,1,1,1.533,2.5,13.0,20.0,0,0,0,0,0,2,0,0
73,464,1,auto,1,1,1.533,2.333,13.0,20.0,0,1,0,0,0,2,0,0
73,465,1,auto,1,1,1.533,2.333,13.0,40.0,0,1,0,0,0,2,0,0
74,466,1,auto,1,1,1.433,2.083,12.333,30.0,1,1,0,0,0,3,1,0
74,467,2,rail,1,1,1.433,2.083,13.567,30.0,1,1,0,0,0,3,1,0
74,468,2,rail,1,1,1.433,1.833,12.333,30.0,1,1,0,0,0,3,1,0
74,469,2,rail,1,1,1.433,1.833,12.333,22.5,0,1,0,0,0,3,1,0
74,470,2,rail,1,1,1.433,2.417,12.333,30.0,0,0,0,0,0,3,1,0
75,471,1,auto,1,1,2.517,2.0,19.5,36.0,1,0,1,0,0,2,0,0
75,472,1,auto,1,1,2.517,2.0,19.5,32.0,0,1,1,0,0,2,0,0
75,473,2,rail,1,1,2.517,2.0,29.25,36.0,1,0,1,0,0,2,0,0
75,474,2,rail,1,1,2.517,1.75,19.5,40.0,0,0,1,0,0,2,0,0
76,475,2,rail,1,1,1.767,2.75,30.0,42.0,1,2,1,0,0,1,0,1
76,476,2,rail,1,1,1.767,2.75,36.0,42.0,1,2,1,0,0,1,0,1
76,477,2,rail,1,1,1.767,2.75,42.0,42.0,1,2,1,0,0,1,0,1
76,478,2,rail,1,1,1.767,2.75,48.0,42.0,1,2,1,0,0,1,0,1
76,479,2,rail,1,1,1.767,2.75,54.0,42.0,1,2,1,0,0,1,0,1
76,480,2,rail,1,1,1.767,2.75,60.0,42.0,1,2,1,0,0,1,0,1
76,481,2,rail,1,1,1.767,2.917,60.0,35.0,0,2,1,0,0,1,0,1
76,482,2,rail,1,1,1.767,2.917,60.0,42.0,0,1,1,0,0,1,0,1
76,483,2,rail,1,1,1.767,2.917,60.0,38.5,1,1,1,0,0,1,0,1
77,484,1,auto,1,1,2.0,2.617,10.0,32.4,1,1,1,0,1,1,0,1
77,485,1,auto,1,1,2.0,2.283,9.0,27.0,2,1,1,0,1,1,0,1
77,486,1,auto,1,1,2.0,2.617,10.0,27.0,1,1,1,0,1,1,0,1
77,487,2,rail,1,1,2.0,2.283,10.0,27.0,2,1,1,0,1,1,0,1
78,488,1,auto,1,1,1.517,3.25,15.0,27.0,1,2,0,1,0,2,1,0
78,489,2,rail,1,1,1.517,2.917,21.0,27.0,1,1,0,1,0,2,1,0
79,490,2,rail,1,1,2.167,2.833,9.75,28.75,3,2,0,1,1,4,0,1
79,491,2,rail,1,1,2.167,2.833,11.7,28.75,3,2,0,1,1,4,0,1
79,492,2,rail,1,1,2.167,2.833,13.65,28.75,3,2,0,1,1,4,0,1
79,493,2,rail,1,1,2.167,2.833,15.6,28.75,3,2,0,1,1,4,0,1
79,494,2,rail,1,1,2.167,2.833,17.55,28.75,3,2,0,1,1,4,0,1
79,495,2,rail,1,1,2.167,2.833,19.5,28.75,3,2,0,1,1,4,0,1
79,496,2,rail,1,1,2.167,2.583,19.5,32.5,2,2,0,1,1,4,0,1
79,497,2,rail,1,1,2.167,2.25,19.5,25.0,2,2,0,1,1,4,0,1
79,498,2,rail,1,1,2.167,2.583,19.5,28.75,2,1,0,1,1,4,0,1
80,499,1,auto,1,1,2.083,2.75,22.5,20.0,1,1,0,1,1,1,1,0
80,500,1,auto,1,1,2.083,2.75,21.0,20.0,1,1,0,1,1,1,1,0
80,501,1,auto,1,1,2.083,2.75,19.5,20.0,1,1,0,1,1,1,1,0
80,502,1,auto,1,1,2.083,2.75,18.0,20.0,1,1,0,1,1,1,1,0
80,503,1,auto,1,1,2.083,2.75,16.5,20.0,1,1,0,1,1,1,1,0
80,504,1,auto,1,1,2.083,2.75,15.0,20.0,1,1,0,1,1,1,1,0
80,505,1,auto,1,1,2.083,3.167,15.0,20.0,1,1,0,1,1,1,1,0
80,506,1,auto,1,1,2.083,3.167,15.0,30.0,1,0,0,1,1,1,1,0
81,507,1,auto,1,1,1.25,1.533,10.8,62.5,0,0,0,0,0,4,1,1
81,508,1,auto,1,1,1.25,1.533,10.08,62.5,0,0,0,0,0,4,1,1
81,509,1,auto,1,1,1.25,1.533,9.36,62.5,0,0,0,0,0,4,1,1
81,510,1,auto,1,1,1.25,1.533,8.64,62.5,0,0,0,0,0,4,1,1
81,511,1,auto,1,1,1.25,1.533,7.92,62.5,0,0,0,0,0,4,1,1
81,512,1,auto,1,1,1.25,1.533,7.2,62.5,0,0,0,0,0,4,1,1
81,513,1,auto,1,1,1.25,1.367,7.2,62.5,0,1,0,0,0,4,1,1
81,514,1,auto,1,1,1.25,1.783,7.2,93.75,0,0,0,0,0,4,1,1
82,515,1,auto,1,1,1.35,1.5,13.75,22.5,1,1,0,0,0,2,0,0
82,516,1,auto,1,1,1.35,1.667,13.75,15.0,1,1,0,0,0,2,0,0
82,517,2,rail,1,1,1.35,1.667,15.125,15.0,1,1,0,0,0,2,0,0
82,518,2,rail,1,1,1.35,1.5,13.75,15.0,0,1,0,0,0,2,0,0
83,519,1,auto,1,1,1.533,1.0,45.0,12.0,0,0,0,1,1,1,1,0
83,520,1,auto,1,1,1.533,1.0,42.0,12.0,0,0,0,1,1,1,1,0
83,521,1,auto,1,1,1.533,1.0,39.0,12.0,0,0,0,1,1,1,1,0
83,522,1,auto,1,1,1.533,1.0,36.0,12.0,0,0,0,1,1,1,1,0
83,523,1,auto,1,1,1.533,1.0,33.0,12.0,0,0,0,1,1,1,1,0
83,524,1,auto,1,1,1.533,1.0,30.0,12.0,0,0,0,1,1,1,1,0
83,525,1,auto,1,1,1.533,1.167,30.0,12.0,0,1,0,1,1,1,1,0
83,526,1,auto,1,1,1.533,1.0,30.0,16.0,0,1,0,1,1,1,1,0
84,527,2,rail,1,1,2.417,2.333,10.0,60.2,2,1,0,0,1,1,1,1
84,528,2,rail,1,1,2.417,2.333,12.0,60.2,2,1,0,0,1,1,1,1
84,529,2,rail,1,1,2.417,2.333,14.0,60.2,2,1,0,0,1,1,1,1
84,530,2,rail,1,1,2.417,2.333,16.0,60.2,2,1,0,0,1,1,1,1
84,531,2,rail,1,1,2.417,2.333,18.0,60.2,2,1,0,0,1,1,1,1
84,532,2,rail,1,1,2.417,2.333,20.0,60.2,2,1,0,0,1,1,1,1
84,533,2,rail,1,1,2.417,2.167,20.0,60.2,1,1,0,0,1,1,1,1
84,534,2,rail,1,1,2.417,2.167,20.0,51.6,2,2,0,0,1,1,1,1
85,535,1,auto,1,1,1.833,2.083,6.217,33.75,3,2,0,0,1,3,1,0
85,536,1,auto,1,1,1.833,2.417,7.767,40.5,3,1,0,0,1,3,1,0
85,537,2,rail,1,1,1.833,2.083,6.983,33.75,3,2,0,0,1,3,1,0
85,538,2,rail,1,1,1.833,2.083,7.767,33.75,3,2,0,0,1,3,1,0
85,539,2,rail,1,1,1.833,2.417,7.767,33.75,2,1,0,0,1,3,1,0
86,540,1,auto,1,1,1.517,2.833,20.0,62.5,2,1,0,0,0,1,0,0
86,541,1,auto,1,1,1.517,2.833,25.0,50.0,1,2,0,0,0,1,0,0
86,542,1,auto,1,1,1.517,2.833,25.0,75.0,1,1,0,0,0,1,0,0
86,543,2,rail,1,1,1.517,2.833,22.5,62.5,2,1,0,0,0,1,0,0
86,544,2,rail,1,1,1.517,2.833,25.0,62.5,2,1,0,0,0,1,0,0
88,545,1,auto,1,1,1.783,2.333,20.0,44.0,1,2,0,1,1,1,1,1
88,546,2,rail,1,1,1.783,2.333,24.0,44.0,1,2,0,1,1,1,1,1
88,547,2,rail,1,1,1.783,2.333,28.0,44.0,1,2,0,1,1,1,1,1
88,548,2,rail,1,1,1.783,2.333,32.0,44.0,1,2,0,1,1,1,1,1
88,549,2,rail,1,1,1.783,2.333,36.0,44.0,1,2,0,1,1,1,1,1
88,550,2,rail,1,1,1.783,2.333,40.0,44.0,1,2,0,1,1,1,1,1
88,551,2,rail,1,1,1.783,1.917,40.0,48.0,1,1,0,1,1,1,1,1
88,552,2,rail,1,1,1.783,2.167,40.0,48.0,0,2,0,1,1,1,1,1
88,553,2,rail,1,1,1.783,2.333,40.0,48.0,0,1,0,1,1,1,1,1
90,554,1,auto,1,1,1.517,0.917,12.0,31.7,0,0,0,1,0,2,0,0
90,555,1,auto,1,1,1.517,0.917,11.2,31.7,0,0,0,1,0,2,0,0
90,556,1,auto,1,1,1.517,0.917,10.4,31.7,0,0,0,1,0,2,0,0
90,557,1,auto,1,1,1.517,0.917,9.6,31.7,0,0,0,1,0,2,0,0
90,558,1,auto,1,1,1.517,0.917,8.8,31.7,0,0,0,1,0,2,0,0
90,559,1,auto,1,1,1.517,0.917,8.0,31.7,0,0,0,1,0,2,0,0
90,560,1,auto,1,1,1.517,1.25,8.0,28.15,0,0,0,1,0,2,0,0
90,561,1,auto,1,1,1.517,1.083,8.0,28.15,0,1,0,1,0,2,0,0
91,562,1,auto,1,1,1.517,2.25,24.0,39.0,1,2,1,0,0,1,1,1
91,563,2,rail,1,1,1.517,2.25,27.0,39.0,1,2,1,0,0,1,1,1
91,564,2,rail,1,1,1.517,2.25,30.0,39.0,1,2,1,0,0,1,1,1
91,565,2,rail,1,1,1.517,2.083,30.0,39.0,2,1,1,0,0,1,1,1
91,566,2,rail,1,1,1.517,2.25,30.0,32.5,1,1,1,0,0,1,1,1
91,567,2,rail,1,1,1.517,1.833,30.0,32.5,2,2,1,0,0,1,1,1
92,568,1,auto,1,1,2.017,1.75,16.5,40.0,0,0,0,0,0,2,0,0
92,569,1,auto,1,1,2.017,1.75,15.0,40.0,0,0,0,0,0,2,0,0
92,570,1,auto,1,1,2.017,1.917,15.0,40.0,0,1,0,0,0,2,0,0
92,571,1,auto,1,1,2.017,1.75,15.0,45.0,0,1,0,0,0,2,0,0
92,572,2,rail,1,1,2.017,1.75,18.0,40.0,0,0,0,0,0,2,0,0
94,573,2,rail,1,1,3.05,2.417,16.0,47.05,1,1,1,0,1,1,0,1
94,574,2,rail,1,1,3.05,2.417,19.2,47.05,1,1,1,0,1,1,0,1
94,575,2,rail,1,1,3.05,2.417,22.4,47.05,1,1,1,0,1,1,0,1
94,576,2,rail,1,1,3.05,2.417,25.6,47.05,1,1,1,0,1,1,0,1
94,577,2,rail,1,1,3.05,2.417,28.8,47.05,1,1,1,0,1,1,0,1
94,578,2,rail,1,1,3.05,2.417,32.0,47.05,1,1,1,0,1,1,0,1
94,579,2,rail,1,1,3.05,2.417,32.0,41.65,0,1,1,0,1,1,0,1
94,580,2,rail,1,1,3.05,2.0,32.0,47.05,0,2,1,0,1,1,0,1
94,581,2,rail,1,1,3.05,2.417,32.0,36.2,0,2,1,0,1,1,0,1
95,582,1,auto,1,1,1.583,1.75,12.5,30.0,0,1,0,0,1,2,1,0
95,583,1,auto,1,1,1.583,1.583,13.75,20.0,1,1,0,0,1,2,1,0
95,584,1,auto,1,1,1.583,1.583,12.5,20.0,1,1,0,0,1,2,1,0
95,585,1,auto,1,1,1.583,1.75,12.5,20.0,0,1,0,0,1,2,1,0
95,586,2,rail,1,1,1.583,1.583,15.0,20.0,1,1,0,0,1,2,1,0
96,587,1,auto,1,1,1.417,1.583,13.125,24.0,1,1,0,1,1,4,0,0
96,588,1,auto,1,1,1.417,1.583,12.25,24.0,1,1,0,1,1,4,0,0
96,589,1,auto,1,1,1.417,1.583,11.375,24.0,1,1,0,1,1,4,0,0
96,590,1,auto,1,1,1.417,1.583,10.5,24.0,1,1,0,1,1,4,0,0
96,591,1,auto,1,1,1.417,1.583,9.625,24.0,1,1,0,1,1,4,0,0
96,592,1,auto,1,1,1.417,1.583,8.75,24.0,1,1,0,1,1,4,0,0
96,593,1,auto,1,1,1.417,2.0,8.75,24.0,0,0,0,1,1,4,0,0
96,594,1,auto,1,1,1.417,1.75,8.75,32.0,1,0,0,1,1,4,0,0
97,595,1,auto,1,1,1.367,2.0,10.5,21.0,1,0,0,0,1,2,1,0
97,596,1,auto,1,1,1.367,2.0,9.75,21.0,1,0,0,0,1,2,1,0
97,597,1,auto,1,1,1.367,2.0,9.0,21.0,1,0,0,0,1,2,1,0
97,598,1,auto,1,1,1.367,2.0,8.25,21.0,1,0,0,0,1,2,1,0
97,599,1,auto,1,1,1.367,2.0,7.5,21.0,1,0,0,0,1,2,1,0
97,600,1,auto,1,1,1.367,1.833,7.5,21.0,1,1,0,0,1,2,1,0
97,601,1,auto,1,1,1.367,2.0,7.5,25.5,1,1,0,0,1,2,1,0
97,602,2,rail,1,1,1.367,2.0,11.25,21.0,1,0,0,0,1,2,1,0
98,603,1,auto,1,1,1.5,2.25,6.0,27.5,1,1,0,1,0,4,1,0
98,604,2,rail,1,1,1.5,2.25,6.667,27.5,1,1,0,1,0,4,1,0
98,605,2,rail,1,1,1.5,2.0,6.667,27.5,0,2,0,1,0,4,1,0
98,606,2,rail,1,1,1.5,1.833,6.667,33.0,1,2,0,1,0,4,1,0
98,607,2,rail,1,1,1.5,2.0,6.667,22.0,1,1,0,1,0,4,1,0
99,608,1,auto,1,1,1.583,2.167,19.998,45.0,0,1,0,1,1,4,1,0
99,609,1,auto,1,1,1.583,2.75,19.998,36.0,0,1,0,1,1,4,1,0
99,610,2,rail,1,1,1.583,2.167,22.0,45.0,0,1,0,1,1,4,1,0
99,611,2,rail,1,1,1.583,2.417,19.998,36.0,0,1,0,1,1,4,1,0
100,612,1,auto,1,1,2.333,1.75,15.0,32.0,1,1,0,0,1,2,1,0
100,613,1,auto,1,1,2.333,2.0,19.5,32.0,0,0,0,0,1,2,1,0
100,614,1,auto,1,1,2.333,2.0,18.0,32.0,0,0,0,0,1,2,1,0
100,615,1,auto,1,1,2.333,2.0,16.5,32.0,0,0,0,0,1,2,1,0
100,616,1,auto,1,1,2.333,2.0,15.0,32.0,0,0,0,0,1,2,1,0
100,617,2,rail,1,1,2.333,2.0,21.0,32.0,0,0,0,0,1,2,1,0
101,618,1,auto,1,1,2.667,3.0,21.0,20.0,1,2,1,0,0,1,0,1
101,619,1,auto,1,1,2.667,3.0,30.0,23.0,1,1,1,0,0,1,0,1
101,620,2,rail,1,1,2.667,3.0,24.0,20.0,1,2,1,0,0,1,0,1
101,621,2,rail,1,1,2.667,3.0,27.0,20.0,1,2,1,0,0,1,0,1
101,622,2,rail,1,1,2.667,3.0,30.0,20.0,1,2,1,0,0,1,0,1
101,623,2,rail,1,1,2.667,2.75,30.0,23.0,1,1,1,0,0,1,0,1
102,624,1,auto,1,1,1.517,2.583,55.0,35.0,1,1,0,1,1,1,1,0
102,625,1,auto,1,1,1.517,2.583,50.0,35.0,1,1,0,1,1,1,1,0
102,626,1,auto,1,1,1.517,2.583,50.0,42.0,1,1,0,1,1,1,1,0
102,627,1,auto,1,1,1.517,2.333,50.0,35.0,2,1,0,1,1,1,1,0
102,628,2,rail,1,1,1.517,2.583,60.0,35.0,1,1,0,1,1,1,1,0
103,629,1,auto,1,1,1.8,2.817,7.875,30.0,0,0,0,0,1,2,0,0
103,630,1,auto,1,1,1.8,2.817,7.35,30.0,0,0,0,0,1,2,0,0
103,631,1,auto,1,1,1.8,2.817,6.825,30.0,0,0,0,0,1,2,0,0
103,632,1,auto,1,1,1.8,2.817,6.3,30.0,0,0,0,0,1,2,0,0
103,633,1,auto,1,1,1.8,2.817,5.775,30.0,0,0,0,0,1,2,0,0
103,634,1,auto,1,1,1.8,2.817,5.25,30.0,0,0,0,0,1,2,0,0
103,635,1,auto,1,1,1.8,2.483,5.25,40.0,0,0,0,0,1,2,0,0
103,636,1,auto,1,1,1.8,2.233,5.25,50.0,0,0,0,0,1,2,0,0
104,637,1,auto,1,1,2.333,2.417,0.7,54.0,0,1,0,0,1,1,0,1
104,638,2,rail,1,1,2.333,2.417,0.8,54.0,0,1,0,0,1,1,0,1
104,639,2,rail,1,1,2.333,2.417,0.9,54.0,0,1,0,0,1,1,0,1
104,640,2,rail,1,1,2.333,2.417,1.0,54.0,0,1,0,0,1,1,0,1
104,641,2,rail,1,1,2.333,2.25,1.0,54.0,1,2,0,0,1,1,0,1
104,642,2,rail,1,1,2.333,2.0,1.0,54.0,0,1,0,0,1,1,0,1
104,643,2,rail,1,1,2.333,2.417,1.0,45.0,1,1,0,0,1,1,0,1
105,644,1,auto,1,1,2.167,2.0,44.0,38.0,1,1,0,1,0,1,0,0
105,645,1,auto,1,1,2.167,2.0,40.0,38.0,1,1,0,1,0,1,0,0
105,646,1,auto,1,1,2.167,2.25,40.0,38.0,0,1,0,1,0,1,0,0
105,647,1,auto,1,1,2.167,2.417,40.0,38.0,0,2,0,1,0,1,0,0
105,648,1,auto,1,1,2.167,2.0,48.0,38.0,1,1,0,1,0,1,0,0
105,649,2,rail,1,1,2.167,2.0,52.0,38.0,1,1,0,1,0,1,0,0
106,650,1,auto,1,1,1.283,2.417,18.0,32.0,0,1,0,0,1,4,1,0
106,651,1,auto,1,1,1.283,2.417,16.8,32.0,0,1,0,0,1,4,1,0
106,652,1,auto,1,1,1.283,2.417,15.6,32.0,0,1,0,0,1,4,1,0
106,653,1,auto,1,1,1.283,2.417,14.4,32.0,0,1,0,0,1,4,1,0
106,654,1,auto,1,1,1.283,2.417,13.2,32.0,0,1,0,0,1,4,1,0
106,655,1,auto,1,1,1.283,2.417,12.0,32.0,0,1,0,0,1,4,1,0
106,656,1,auto,1,1,1.283,2.667,12.0,24.0,0,1,0,0,1,4,1,0
106,657,1,auto,1,1,1.283,2.667,12.0,32.0,1,0,0,0,1,4,1,0
107,658,1,auto,1,1,1.417,1.583,5.0,19.0,0,0,0,0,1,3,0,0
107,659,1,auto,1,1,1.417,1.583,4.667,19.0,0,0,0,0,1,3,0,0
107,660,1,auto,1,1,1.417,1.583,4.333,19.0,0,0,0,0,1,3,0,0
107,661,1,auto,1,1,1.417,1.583,4.0,19.0,0,0,0,0,1,3,0,0
107,662,1,auto,1,1,1.417,1.583,3.667,19.0,0,0,0,0,1,3,0,0
107,663,1,auto,1,1,1.417,1.583,3.333,19.0,0,0,0,0,1,3,0,0
107,664,1,auto,1,1,1.417,1.583,3.333,23.75,0,1,0,0,1,3,0,0
107,665,1,auto,1,1,1.417,1.75,3.333,19.0,0,1,0,0,1,3,0,0
108,666,1,auto,1,1,1.583,2.417,79.2,22.5,1,0,1,0,0,1,0,1
108,667,1,auto,1,1,1.583,2.417,72.0,22.5,1,0,1,0,0,1,0,1
108,668,1,auto,1,1,1.583,2.167,72.0,22.5,1,1,1,0,0,1,0,1
108,669,2,rail,1,1,1.583,2.417,93.6,22.5,1,0,1,0,0,1,0,1
108,670,2,rail,1,1,1.583,1.917,72.0,45.0,1,0,1,0,0,1,0,1
108,671,2,rail,1,1,1.583,1.917,72.0,22.5,0,1,1,0,0,1,0,1
109,672,1,auto,1,1,1.183,1.667,12.0,34.0,0,0,0,0,0,1,0,0
109,673,1,auto,1,1,1.183,1.667,11.2,34.0,0,0,0,0,0,1,0,0
109,674,1,auto,1,1,1.183,1.667,10.4,34.0,0,0,0,0,0,1,0,0
109,675,1,auto,1,1,1.183,1.667,9.6,34.0,0,0,0,0,0,1,0,0
109,676,1,auto,1,1,1.183,1.667,8.8,34.0,0,0,0,0,0,1,0,0
109,677,1,auto,1,1,1.183,1.667,8.0,34.0,0,0,0,0,0,1,0,0
109,678,1,auto,1,1,1.183,2.083,8.0,28.0,1,0,0,0,0,1,0,0
109,679,1,auto,1,1,1.183,1.833,8.0,40.0,1,0,0,0,0,1,0,0
110,680,1,auto,1,1,2.117,2.333,54.0,47.05,0,2,1,1,0,1,0,0
110,681,2,rail,1,1,2.117,2.333,63.0,47.05,0,2,1,1,0,1,0,0
110,682,2,rail,1,1,2.117,2.333,72.0,47.05,0,2,1,1,0,1,0,0
110,683,2,rail,1,1,2.117,2.333,81.0,47.05,0,2,1,1,0,1,0,0
110,684,2,rail,1,1,2.117,2.333,90.0,47.05,0,2,1,1,0,1,0,0
110,685,2,rail,1,1,2.117,2.167,90.0,47.05,1,1,1,1,0,1,0,0
110,686,2,rail,1,1,2.117,2.167,90.0,41.65,0,2,1,1,0,1,0,0
110,687,2,rail,1,1,2.117,1.917,90.0,47.05,0,1,1,1,0,1,0,0
111,688,1,auto,1,1,1.0,2.167,12.5,24.0,0,1,0,0,0,3,0,0
111,689,1,auto,1,1,1.0,2.167,11.667,24.0,0,1,0,0,0,3,0,0
111,690,1,auto,1,1,1.0,2.167,10.833,24.0,0,1,0,0,0,3,0,0
111,691,1,auto,1,1,1.0,2.167,10.0,24.0,0,1,0,0,0,3,0,0
111,692,1,auto,1,1,1.0,2.167,9.167,24.0,0,1,0,0,0,3,0,0
111,693,1,auto,1,1,1.0,2.167,8.333,24.0,0,1,0,0,0,3,0,0
111,694,1,auto,1,1,1.0,2.417,8.333,40.0,0,1,0,0,0,3,0,0
111,695,1,auto,1,1,1.0,2.417,8.333,24.0,1,0,0,0,0,3,0,0
112,696,1,auto,1,1,1.517,1.75,15.0,17.5,0,1,0,0,0,4,0,0
112,697,1,auto,1,1,1.517,1.75,14.0,17.5,0,1,0,0,0,4,0,0
112,698,1,auto,1,1,1.517,1.75,13.0,17.5,0,1,0,0,0,4,0,0
112,699,1,auto,1,1,1.517,1.75,11.0,17.5,0,1,0,0,0,4,0,0
112,700,1,auto,1,1,1.517,1.75,10.0,17.5,0,1,0,0,0,4,0,0
112,701,1,auto,1,1,1.517,2.167,10.0,17.5,0,0,0,0,0,4,0,0
112,702,1,auto,1,1,1.517,1.917,10.0,26.25,0,1,0,0,0,4,0,0
112,703,1,auto,1,1,1.517,1.75,12.0,17.5,0,1,0,0,0,4,0,0
113,704,1,auto,1,1,2.083,3.0,15.75,15.0,1,1,0,1,1,2,1,0
113,705,1,auto,1,1,2.083,3.25,17.5,15.0,2,1,0,1,1,2,1,0
113,706,1,auto,1,1,2.083,2.667,17.5,15.0,1,2,0,1,1,2,1,0
113,707,2,rail,1,1,2.083,3.0,17.5,15.0,1,1,0,1,1,2,1,0
114,708,1,auto,1,1,1.2,2.333,2.0,12.5,1,0,0,0,1,3,1,0
114,709,1,auto,1,1,1.2,2.333,1.867,12.5,1,0,0,0,1,3,1,0
114,710,1,auto,1,1,1.2,2.333,1.733,12.5,1,0,0,0,1,3,1,0
114,711,1,auto,1,1,1.2,2.333,1.6,12.5,1,0,0,0,1,3,1,0
114,712,1,auto,1,1,1.2,2.333,1.467,12.5,1,0,0,0,1,3,1,0
114,713,1,auto,1,1,1.2,2.333,1.333,12.5,1,0,0,0,1,3,1,0
114,714,1,auto,1,1,1.2,2.583,1.333,12.5,1,1,0,0,1,3,1,0
114,715,1,auto,1,1,1.2,2.333,1.333,18.75,1,1,0,0,1,3,1,0
117,716,1,auto,1,1,1.917,2.083,12.0,30.0,1,1,0,0,0,2,1,0
117,717,1,auto,1,1,1.917,2.083,11.0,30.0,1,1,0,0,0,2,1,0
117,718,1,auto,1,1,1.917,2.083,10.0,30.0,1,1,0,0,0,2,1,0
117,719,1,auto,1,1,1.917,2.333,10.0,30.0,0,1,0,0,0,2,1,0
117,720,1,auto,1,1,1.917,2.333,10.0,36.0,0,1,0,0,0,2,1,0
117,721,2,rail,1,1,1.917,2.083,13.0,30.0,1,1,0,0,0,2,1,0
118,722,1,auto,1,1,2.083,2.2,1.692,38.15,2,2,0,1,0,4,1,1
118,723,1,auto,1,1,2.083,2.533,1.875,45.75,3,2,0,1,0,4,1,1
118,724,2,rail,1,1,2.083,2.2,1.875,38.15,2,2,0,1,0,4,1,1
118,725,2,rail,1,1,2.083,2.783,1.875,45.75,2,1,0,1,0,4,1,1
118,726,2,rail,1,1,2.083,2.783,1.875,38.15,3,1,0,1,0,4,1,1
119,727,1,auto,1,1,1.533,2.167,18.75,24.0,0,0,0,0,0,2,1,0
119,728,1,auto,1,1,1.533,2.167,17.5,24.0,0,0,0,0,0,2,1,0
119,729,1,auto,1,1,1.533,2.167,16.25,24.0,0,0,0,0,0,2,1,0
119,730,1,auto,1,1,1.533,2.167,15.0,24.0,0,0,0,0,0,2,1,0
119,731,1,auto,1,1,1.533,2.167,13.75,24.0,0,0,0,0,0,2,1,0
119,732,1,auto,1,1,1.533,2.167,12.5,24.0,0,0,0,0,0,2,1,0
119,733,1,auto,1,1,1.533,1.917,12.5,30.0,0,0,0,0,0,2,1,0
119,734,1,auto,1,1,1.533,1.917,12.5,27.0,0,1,0,0,0,2,1,0
120,735,1,auto,1,1,2.083,1.667,6.25,29.75,0,0,0,1,1,3,1,0
120,736,1,auto,1,1,2.083,1.667,5.833,29.75,0,0,0,1,1,3,1,0
120,737,1,auto,1,1,2.083,1.667,5.417,29.75,0,0,0,1,1,3,1,0
120,738,1,auto,1,1,2.083,1.667,5.0,29.75,0,0,0,1,1,3,1,0
120,739,1,auto,1,1,2.083,1.667,4.583,29.75,0,0,0,1,1,3,1,0
120,740,1,auto,1,1,2.083,1.667,4.167,29.75,0,0,0,1,1,3,1,0
120,741,1,auto,1,1,2.083,2.083,4.167,24.5,1,0,0,1,1,3,1,0
120,742,1,auto,1,1,2.083,1.833,4.167,35.0,1,0,0,1,1,3,1,0
121,743,1,auto,1,1,1.617,1.833,35.0,30.0,1,1,0,0,1,1,0,1
121,744,1,auto,1,1,1.617,1.833,35.0,37.5,0,1,0,0,1,1,0,1
121,745,1,auto,1,1,1.617,1.833,35.0,45.0,0,2,0,0,1,1,0,1
121,746,2,rail,1,1,1.617,1.833,38.5,30.0,1,1,0,0,1,1,0,1
122,747,1,auto,1,1,1.583,1.717,22.5,21.7,0,1,0,0,1,1,0,1
122,748,1,auto,1,1,1.583,1.717,21.0,21.7,0,1,0,0,1,1,0,1
122,749,1,auto,1,1,1.583,1.717,19.5,21.7,0,1,0,0,1,1,0,1
122,750,1,auto,1,1,1.583,1.717,18.0,21.7,0,1,0,0,1,1,0,1
122,751,1,auto,1,1,1.583,1.717,16.5,21.7,0,1,0,0,1,1,0,1
122,752,1,auto,1,1,1.583,1.717,15.0,21.7,0,1,0,0,1,1,0,1
122,753,1,auto,1,1,1.583,1.967,15.0,21.7,0,1,0,0,1,1,0,1
122,754,1,auto,1,1,1.583,2.133,15.0,32.55,0,1,0,0,1,1,0,1
123,755,1,auto,1,1,2.033,3.083,25.0,37.0,2,1,1,0,0,2,0,1
123,756,1,auto,1,1,2.033,2.5,12.5,37.0,1,2,1,0,0,2,0,1
123,757,1,auto,1,1,2.033,3.083,25.0,55.5,1,1,1,0,0,2,0,1
123,758,2,rail,1,1,2.033,2.5,15.0,37.0,1,2,1,0,0,2,0,1
123,759,2,rail,1,1,2.033,2.5,17.5,37.0,1,2,1,0,0,2,0,1
123,760,2,rail,1,1,2.033,2.5,20.0,37.0,1,2,1,0,0,2,0,1
123,761,2,rail,1,1,2.033,2.5,22.5,37.0,1,2,1,0,0,2,0,1
123,762,2,rail,1,1,2.033,2.5,25.0,37.0,1,2,1,0,0,2,0,1
124,763,2,rail,1,1,1.517,2.167,7.5,20.7,1,2,0,1,1,1,1,0
124,764,2,rail,1,1,1.517,2.167,9.0,20.7,1,2,0,1,1,1,1,0
124,765,2,rail,1,1,1.517,2.167,10.5,20.7,1,2,0,1,1,1,1,0
124,766,2,rail,1,1,1.517,2.167,12.0,20.7,1,2,0,1,1,1,1,0
124,767,2,rail,1,1,1.517,2.167,13.5,20.7,1,2,0,1,1,1,1,0
124,768,2,rail,1,1,1.517,2.167,15.0,20.7,1,2,0,1,1,1,1,0
124,769,2,rail,1,1,1.517,2.0,15.0,24.85,1,1,0,1,1,1,1,0
124,770,2,rail,1,1,1.517,1.833,15.0,22.75,1,1,0,1,1,1,1,0
124,771,2,rail,1,1,1.517,2.167,15.0,22.75,0,1,0,1,1,1,1,0
125,772,2,rail,1,1,2.017,2.917,7.5,10.0,2,2,0,1,0,4,0,1
125,773,2,rail,1,1,2.017,2.917,8.75,10.0,2,2,0,1,0,4,0,1
125,774,2,rail,1,1,2.017,2.917,10.0,10.0,2,2,0,1,0,4,0,1
125,775,2,rail,1,1,2.017,2.917,12.5,10.0,2,2,0,1,0,4,0,1
125,776,2,rail,1,1,2.017,2.583,12.5,12.0,2,2,0,1,0,4,0,1
125,777,2,rail,1,1,2.017,2.917,11.25,10.0,2,2,0,1,0,4,0,1
125,778,2,rail,1,1,2.017,2.917,12.5,12.0,3,1,0,1,0,4,0,1
126,779,1,auto,1,1,1.8,2.083,18.0,45.0,2,1,1,0,0,1,1,1
126,780,1,auto,1,1,1.8,2.083,16.8,45.0,2,1,1,0,0,1,1,1
126,781,1,auto,1,1,1.8,2.083,15.6,45.0,2,1,1,0,0,1,1,1
126,782,1,auto,1,1,1.8,2.083,14.4,45.0,2,1,1,0,0,1,1,1
126,783,1,auto,1,1,1.8,2.083,13.2,45.0,2,1,1,0,0,1,1,1
126,784,1,auto,1,1,1.8,2.083,12.0,45.0,2,1,1,0,0,1,1,1
126,785,1,auto,1,1,1.8,2.083,12.0,56.25,1,1,1,0,0,1,1,1
126,786,1,auto,1,1,1.8,2.583,12.0,56.25,1,1,1,0,0,1,1,1
127,787,1,auto,1,1,1.583,1.3,9.375,24.0,0,0,0,0,0,2,1,0
127,788,1,auto,1,1,1.583,1.3,8.75,24.0,0,0,0,0,0,2,1,0
127,789,1,auto,1,1,1.583,1.3,8.125,24.0,0,0,0,0,0,2,1,0
127,790,1,auto,1,1,1.583,1.3,7.5,24.0,0,0,0,0,0,2,1,0
127,791,1,auto,1,1,1.583,1.3,6.875,24.0,0,0,0,0,0,2,1,0
127,792,1,auto,1,1,1.583,1.3,6.25,24.0,0,0,0,0,0,2,1,0
127,793,1,auto,1,1,1.583,1.633,6.25,18.0,0,1,0,0,0,2,1,0
127,794,1,auto,1,1,1.583,1.3,6.25,18.0,1,1,0,0,0,2,1,0
128,795,1,auto,1,1,2.0,4.167,12.6,43.2,2,1,0,0,0,1,0,0
128,796,1,auto,1,1,2.0,4.167,14.0,50.4,1,1,0,0,0,1,0,0
128,797,1,auto,1,1,2.0,3.75,14.0,43.2,1,2,0,0,0,1,0,0
128,798,2,rail,1,1,2.0,4.167,14.0,43.2,2,1,0,0,0,1,0,0
129,799,1,auto,1,1,2.15,2.75,15.0,40.0,2,1,0,0,0,2,1,0
129,800,1,auto,1,1,2.15,3.083,15.0,40.0,3,1,0,0,0,2,1,0
129,801,1,auto,1,1,2.15,3.5,15.0,46.0,3,1,0,0,0,2,1,0
129,802,1,auto,1,1,2.15,2.75,18.0,40.0,2,1,0,0,0,2,1,0
129,803,1,auto,1,1,2.15,2.75,16.5,40.0,2,1,0,0,0,2,1,0
129,804,2,rail,1,1,2.15,2.75,19.5,40.0,2,1,0,0,0,2,1,0
130,805,1,auto,1,1,1.583,1.45,30.0,25.35,1,1,0,1,1,2,0,0
130,806,1,auto,1,1,1.583,1.45,28.0,25.35,1,1,0,1,1,2,0,0
130,807,1,auto,1,1,1.583,1.45,26.0,25.35,1,1,0,1,1,2,0,0
130,808,1,auto,1,1,1.583,1.45,24.0,25.35,1,1,0,1,1,2,0,0
130,809,1,auto,1,1,1.583,1.45,22.0,25.35,1,1,0,1,1,2,0,0
130,810,1,auto,1,1,1.583,1.45,20.0,25.35,1,1,0,1,1,2,0,0
130,811,1,auto,1,1,1.583,1.617,20.0,25.35,0,1,0,1,1,2,0,0
130,812,1,auto,1,1,1.583,1.617,20.0,30.75,1,1,0,1,1,2,0,0
131,813,2,rail,1,1,2.583,3.0,15.0,37.8,0,1,0,0,0,1,1,0
131,814,2,rail,1,1,2.583,3.0,18.0,37.8,0,1,0,0,0,1,1,0
131,815,2,rail,1,1,2.583,3.0,21.0,37.8,0,1,0,0,0,1,1,0
131,816,2,rail,1,1,2.583,3.0,24.0,37.8,0,1,0,0,0,1,1,0
131,817,2,rail,1,1,2.583,3.0,27.0,37.8,0,1,0,0,0,1,1,0
131,818,2,rail,1,1,2.583,3.0,30.0,37.8,0,1,0,0,0,1,1,0
131,819,2,rail,1,1,2.583,3.0,30.0,32.4,1,2,0,0,0,1,1,0
131,820,2,rail,1,1,2.583,3.0,30.0,27.0,0,1,0,0,0,1,1,0
131,821,2,rail,1,1,2.583,2.667,30.0,27.0,0,2,0,0,0,1,1,0
132,822,1,auto,1,1,1.417,1.667,11.0,45.0,1,1,0,0,0,3,0,1
132,823,2,rail,1,1,1.417,1.667,12.833,45.0,1,1,0,0,0,3,0,1
132,824,2,rail,1,1,1.417,1.667,14.667,45.0,1,1,0,0,0,3,0,1
132,825,2,rail,1,1,1.417,1.667,16.5,45.0,1,1,0,0,0,3,0,1
132,826,2,rail,1,1,1.417,1.667,18.333,45.0,1,1,0,0,0,3,0,1
132,827,2,rail,1,1,1.417,1.833,18.333,45.0,0,1,0,0,0,3,0,1
132,828,2,rail,1,1,1.417,1.833,18.333,36.0,1,1,0,0,0,3,0,1
132,829,2,rail,1,1,1.417,1.5,18.333,45.0,1,0,0,0,0,3,0,1
133,830,1,auto,1,1,1.333,1.417,30.0,34.0,0,0,0,0,0,1,1,0
133,831,1,auto,1,1,1.333,1.417,28.0,34.0,0,0,0,0,0,1,1,0
133,832,1,auto,1,1,1.333,1.417,26.0,34.0,0,0,0,0,0,1,1,0
133,833,1,auto,1,1,1.333,1.417,24.0,34.0,0,0,0,0,0,1,1,0
133,834,1,auto,1,1,1.333,1.417,22.0,34.0,0,0,0,0,0,1,1,0
133,835,1,auto,1,1,1.333,1.417,20.0,34.0,0,0,0,0,0,1,1,0
133,836,1,auto,1,1,1.333,1.583,20.0,28.0,0,0,0,0,0,1,1,0
133,837,1,auto,1,1,1.333,1.417,20.0,28.0,0,1,0,0,0,1,1,0
134,838,1,auto,1,1,1.5,1.833,5.0,40.0,1,0,0,0,1,3,1,0
134,839,1,auto,1,1,1.5,1.833,4.667,40.0,1,0,0,0,1,3,1,0
134,840,1,auto,1,1,1.5,1.833,4.333,40.0,1,0,0,0,1,3,1,0
134,841,1,auto,1,1,1.5,1.833,4.0,40.0,1,0,0,0,1,3,1,0
134,842,1,auto,1,1,1.5,1.833,3.667,40.0,1,0,0,0,1,3,1,0
134,843,1,auto,1,1,1.5,1.833,3.333,40.0,1,0,0,0,1,3,1,0
134,844,1,auto,1,1,1.5,2.083,3.333,45.0,0,0,0,0,1,3,1,0
134,845,1,auto,1,1,1.5,1.833,3.333,45.0,1,1,0,0,1,3,1,0
135,846,1,auto,1,1,1.583,1.583,11.25,26.6,1,1,0,1,1,2,1,0
135,847,1,auto,1,1,1.583,1.917,11.25,26.6,0,0,0,1,1,2,1,0
135,848,1,auto,1,1,1.583,1.917,11.25,32.3,1,1,0,1,1,2,1,0
135,849,2,rail,1,1,1.583,1.583,12.375,26.6,1,1,0,1,1,2,1,0
136,850,1,auto,1,1,2.083,2.75,3.0,35.0,1,0,0,1,1,4,1,0
136,851,1,auto,1,1,2.083,2.75,2.8,35.0,1,0,0,1,1,4,1,0
136,852,1,auto,1,1,2.083,2.75,2.6,35.0,1,0,0,1,1,4,1,0
136,853,1,auto,1,1,2.083,2.75,2.4,35.0,1,0,0,1,1,4,1,0
136,854,1,auto,1,1,2.083,2.75,2.2,35.0,1,0,0,1,1,4,1,0
136,855,1,auto,1,1,2.083,2.75,2.0,35.0,1,0,0,1,1,4,1,0
136,856,1,auto,1,1,2.083,2.5,2.0,42.5,0,0,0,1,1,4,1,0
136,857,1,auto,1,1,2.083,2.333,2.0,42.5,1,1,0,1,1,4,1,0
137,858,1,auto,1,1,2.0,1.75,6.0,28.0,0,0,0,0,0,3,0,1
137,859,1,auto,1,1,2.0,1.75,5.5,28.0,0,0,0,0,0,3,0,1
137,860,1,auto,1,1,2.0,1.75,5.0,28.0,0,0,0,0,0,3,0,1
137,861,1,auto,1,1,2.0,1.583,5.0,35.0,0,1,0,0,0,3,0,1
137,862,1,auto,1,1,2.0,1.75,6.5,28.0,0,0,0,0,0,3,0,1
137,863,2,rail,1,1,2.0,1.75,7.0,28.0,0,0,0,0,0,3,0,1
137,864,2,rail,1,1,2.0,1.75,5.0,21.0,0,1,0,0,0,3,0,1
138,865,1,auto,1,1,1.517,2.083,0.95,36.0,2,0,0,0,0,4,0,0
138,866,1,auto,1,1,1.517,1.75,0.95,27.0,2,1,0,0,0,4,0,0
138,867,1,auto,1,1,1.517,2.333,1.43,27.0,0,0,0,0,0,4,0,0
138,868,1,auto,1,1,1.517,2.333,1.33,27.0,0,0,0,0,0,4,0,0
138,869,1,auto,1,1,1.517,2.333,1.23,27.0,0,0,0,0,0,4,0,0
138,870,1,auto,1,1,1.517,2.333,1.14,27.0,0,0,0,0,0,4,0,0
138,871,1,auto,1,1,1.517,2.333,1.04,27.0,0,0,0,0,0,4,0,0
138,872,1,auto,1,1,1.517,2.333,0.95,27.0,0,0,0,0,0,4,0,0
139,873,1,auto,1,1,1.667,1.617,2.813,24.5,0,1,0,0,0,4,0,1
139,874,1,auto,1,1,1.667,1.617,2.625,24.5,0,1,0,0,0,4,0,1
139,875,1,auto,1,1,1.667,1.617,2.438,24.5,0,1,0,0,0,4,0,1
139,876,1,auto,1,1,1.667,1.617,2.25,24.5,0,1,0,0,0,4,0,1
139,877,1,auto,1,1,1.667,1.617,2.063,24.5,0,1,0,0,0,4,0,1
139,878,1,auto,1,1,1.667,1.617,1.875,24.5,0,1,0,0,0,4,0,1
139,879,1,auto,1,1,1.667,1.867,1.875,24.5,1,1,0,0,0,4,0,1
139,880,1,auto,1,1,1.667,1.867,1.875,29.75,0,0,0,0,0,4,0,1
140,881,1,auto,1,1,1.767,1.583,11.25,24.15,0,1,1,0,1,2,1,0
140,882,1,auto,1,1,1.767,1.583,10.5,24.15,0,1,1,0,1,2,1,0
140,883,1,auto,1,1,1.767,1.583,9.75,24.15,0,1,1,0,1,2,1,0
140,884,1,auto,1,1,1.767,1.583,9.0,24.15,0,1,1,0,1,2,1,0
140,885,1,auto,1,1,1.767,1.583,8.25,24.15,0,1,1,0,1,2,1,0
140,886,1,auto,1,1,1.767,1.583,7.5,24.15,0,1,1,0,1,2,1,0
140,887,1,auto,1,1,1.767,2.0,7.5,24.15,0,0,1,0,1,2,1,0
140,888,1,auto,1,1,1.767,1.583,7.5,29.35,0,1,1,0,1,2,1,0
141,889,1,auto,1,1,1.583,1.5,17.5,24.0,1,1,0,0,1,2,0,0
141,890,1,auto,1,1,1.583,1.667,17.5,24.0,1,1,0,0,1,2,0,0
141,891,1,auto,1,1,1.583,1.667,17.5,32.0,1,0,0,0,1,2,0,0
141,892,1,auto,1,1,1.583,1.5,21.0,24.0,1,1,0,0,1,2,0,0
141,893,1,auto,1,1,1.583,1.5,19.25,24.0,1,1,0,0,1,2,0,0
141,894,2,rail,1,1,1.583,1.5,22.75,24.0,1,1,0,0,1,2,0,0
142,895,1,auto,1,1,1.25,1.167,10.0,24.0,1,0,0,0,0,3,1,0
142,896,1,auto,1,1,1.25,1.167,9.333,24.0,1,0,0,0,0,3,1,0
142,897,1,auto,1,1,1.25,1.167,8.667,24.0,1,0,0,0,0,3,1,0
142,898,1,auto,1,1,1.25,1.167,8.0,24.0,1,0,0,0,0,3,1,0
142,899,1,auto,1,1,1.25,1.167,7.333,24.0,1,0,0,0,0,3,1,0
142,900,1,auto,1,1,1.25,1.167,6.667,24.0,1,0,0,0,0,3,1,0
142,901,1,auto,1,1,1.25,1.417,6.667,24.0,0,1,0,0,0,3,1,0
142,902,1,auto,1,1,1.25,1.167,6.667,32.0,1,1,0,0,0,3,1,0
143,903,1,auto,1,1,1.25,1.917,13.0,15.0,1,0,0,0,0,2,0,0
143,904,1,auto,1,1,1.25,1.917,12.0,15.0,1,0,0,0,0,2,0,0
143,905,1,auto,1,1,1.25,1.917,11.0,15.0,1,0,0,0,0,2,0,0
143,906,1,auto,1,1,1.25,1.917,10.0,15.0,1,0,0,0,0,2,0,0
143,907,1,auto,1,1,1.25,2.083,10.0,20.0,0,0,0,0,0,2,0,0
143,908,1,auto,1,1,1.25,1.917,10.0,20.0,1,1,0,0,0,2,0,0
143,909,2,rail,1,1,1.25,1.917,14.0,15.0,1,0,0,0,0,2,0,0
144,910,1,auto,1,1,1.767,1.583,3.0,14.0,0,1,0,0,0,3,1,0
144,911,1,auto,1,1,1.767,1.583,2.75,14.0,0,1,0,0,0,3,1,0
144,912,1,auto,1,1,1.767,1.583,3.25,14.0,0,1,0,0,0,3,1,0
144,913,1,auto,1,1,1.767,1.583,2.5,14.0,0,1,0,0,0,3,1,0
144,914,2,rail,1,1,1.767,1.583,3.5,14.0,0,1,0,0,0,3,1,0
144,915,2,rail,1,1,1.767,2.0,2.5,9.8,1,1,0,0,0,3,1,0
144,916,2,rail,1,1,1.767,1.583,2.5,9.8,2,0,0,0,0,3,1,0
144,917,2,rail,1,1,1.767,2.0,2.5,11.9,0,0,0,0,0,3,1,0
145,918,1,auto,1,1,1.583,2.45,18.75,48.0,1,1,0,0,1,2,1,0
145,919,1,auto,1,1,1.583,2.45,17.5,48.0,1,1,0,0,1,2,1,0
145,920,1,auto,1,1,1.583,2.45,16.25,48.0,1,1,0,0,1,2,1,0
145,921,1,auto,1,1,1.583,2.45,15.0,48.0,1,1,0,0,1,2,1,0
145,922,1,auto,1,1,1.583,2.45,13.75,48.0,1,1,0,0,1,2,1,0
145,923,1,auto,1,1,1.583,2.45,12.5,48.0,1,1,0,0,1,2,1,0
145,924,1,auto,1,1,1.583,2.2,12.5,48.0,2,2,0,0,1,2,1,0
145,925,1,auto,1,1,1.583,2.2,12.5,57.6,1,1,0,0,1,2,1,0
146,926,1,auto,1,1,1.767,2.083,48.0,25.6,1,0,1,0,0,1,0,1
146,927,1,auto,1,1,1.767,2.083,44.8,25.6,1,0,1,0,0,1,0,1
146,928,1,auto,1,1,1.767,2.083,41.6,25.6,1,0,1,0,0,1,0,1
146,929,1,auto,1,1,1.767,2.083,38.4,25.6,1,0,1,0,0,1,0,1
146,930,1,auto,1,1,1.767,2.083,35.2,25.6,1,0,1,0,0,1,0,1
146,931,1,auto,1,1,1.767,2.083,32.0,25.6,1,0,1,0,0,1,0,1
146,932,1,auto,1,1,1.767,2.083,32.0,19.2,0,1,1,0,0,1,0,1
146,933,1,auto,1,1,1.767,2.25,32.0,25.6,2,1,1,0,0,1,0,1
147,934,2,rail,1,1,2.25,2.617,17.5,38.5,1,2,0,1,0,1,1,0
147,935,2,rail,1,1,2.25,2.617,21.0,38.5,1,2,0,1,0,1,1,0
147,936,2,rail,1,1,2.25,2.617,24.5,38.5,1,2,0,1,0,1,1,0
147,937,2,rail,1,1,2.25,2.617,28.0,38.5,1,2,0,1,0,1,1,0
147,938,2,rail,1,1,2.25,2.617,31.5,38.5,1,2,0,1,0,1,1,0
147,939,2,rail,1,1,2.25,2.617,35.0,38.5,1,2,0,1,0,1,1,0
147,940,2,rail,1,1,2.25,2.617,35.0,42.0,0,1,0,1,0,1,1,0
147,941,2,rail,1,1,2.25,2.117,35.0,42.0,0,2,0,1,0,1,1,0
147,942,2,rail,1,1,2.25,2.367,35.0,38.5,0,1,0,1,0,1,1,0
148,943,1,auto,1,1,1.517,1.833,33.0,25.0,0,1,0,0,0,2,1,0
148,944,1,auto,1,1,1.517,1.833,27.5,25.0,0,1,0,0,0,2,1,0
148,945,1,auto,1,1,1.517,2.083,27.5,25.0,0,1,0,0,0,2,1,0
148,946,1,auto,1,1,1.517,2.083,27.5,37.5,0,0,0,0,0,2,1,0
148,947,1,auto,1,1,1.517,1.833,30.25,25.0,0,1,0,0,0,2,1,0
148,948,2,rail,1,1,1.517,1.833,35.75,25.0,0,1,0,0,0,2,1,0
149,949,1,auto,1,1,1.267,1.5,26.0,18.0,0,0,0,0,1,1,0,0
149,950,1,auto,1,1,1.267,1.5,24.0,18.0,0,0,0,0,1,1,0,0
149,951,1,auto,1,1,1.267,1.5,22.0,18.0,0,0,0,0,1,1,0,0
149,952,1,auto,1,1,1.267,1.5,20.0,18.0,0,0,0,0,1,1,0,0
149,953,1,auto,1,1,1.267,1.5,20.0,24.0,0,1,0,0,1,1,0,0
149,954,1,auto,1,1,1.267,1.75,20.0,24.0,0,0,0,0,1,1,0,0
149,955,2,rail,1,1,1.267,1.5,28.0,18.0,0,0,0,0,1,1,0,0
150,956,1,auto,1,1,1.767,1.283,15.0,21.25,0,1,0,0,1,2,0,1
150,957,2,rail,1,1,1.767,1.783,16.5,17.5,0,0,0,0,1,2,0,1
151,958,1,auto,1,1,1.767,2.417,3.0,18.0,0,1,0,0,0,4,1,0
151,959,1,auto,1,1,1.767,2.417,3.0,24.0,1,0,0,0,0,4,1,0
151,960,1,auto,1,1,1.767,2.083,3.0,18.0,1,1,0,0,0,4,1,0
151,961,2,rail,1,1,1.767,2.083,3.3,18.0,1,1,0,0,0,4,1,0
152,962,1,auto,1,1,2.133,1.717,1.875,24.0,0,0,0,0,0,4,0,0
152,963,1,auto,1,1,2.133,1.717,1.75,24.0,0,0,0,0,0,4,0,0
152,964,1,auto,1,1,2.133,1.717,1.625,24.0,0,0,0,0,0,4,0,0
152,965,1,auto,1,1,2.133,1.717,1.5,24.0,0,0,0,0,0,4,0,0
152,966,1,auto,1,1,2.133,1.717,1.375,24.0,0,0,0,0,0,4,0,0
152,967,1,auto,1,1,2.133,1.717,1.25,24.0,0,0,0,0,0,4,0,0
152,968,1,auto,1,1,2.133,1.55,1.25,27.0,0,0,0,0,0,4,0,0
152,969,1,auto,1,1,2.133,1.717,1.25,27.0,0,1,0,0,0,4,0,0
153,970,1,auto,1,1,1.583,1.75,9.375,24.5,0,1,0,0,1,4,1,1
153,971,1,auto,1,1,1.583,1.75,8.75,24.5,0,1,0,0,1,4,1,1
153,972,1,auto,1,1,1.583,1.75,8.125,24.5,0,1,0,0,1,4,1,1
153,973,1,auto,1,1,1.583,1.75,7.5,24.5,0,1,0,0,1,4,1,1
153,974,1,auto,1,1,1.583,1.75,6.875,24.5,0,1,0,0,1,4,1,1
153,975,1,auto,1,1,1.583,1.75,6.25,24.5,0,1,0,0,1,4,1,1
153,976,1,auto,1,1,1.583,1.917,6.25,24.5,0,1,0,0,1,4,1,1
153,977,1,auto,1,1,1.583,1.917,6.25,29.75,0,1,0,0,1,4,1,1
154,978,1,auto,1,1,1.517,2.667,7.5,60.3,1,2,1,0,1,2,0,1
154,979,1,auto,1,1,1.517,2.917,15.0,40.2,1,1,1,0,1,2,0,1
154,980,2,rail,1,1,1.517,2.667,10.5,60.3,1,2,1,0,1,2,0,1
154,981,2,rail,1,1,1.517,2.667,12.0,60.3,1,2,1,0,1,2,0,1
154,982,2,rail,1,1,1.517,2.667,13.5,60.3,1,2,1,0,1,2,0,1
154,983,2,rail,1,1,1.517,2.667,15.0,60.3,1,2,1,0,1,2,0,1
154,984,2,rail,1,1,1.517,2.667,15.0,40.2,2,1,1,0,1,2,0,1
155,985,1,auto,1,1,1.267,2.167,9.375,24.5,0,1,0,1,1,2,1,1
155,986,1,auto,1,1,1.267,2.167,8.75,24.5,0,1,0,1,1,2,1,1
155,987,1,auto,1,1,1.267,2.167,8.125,24.5,0,1,0,1,1,2,1,1
155,988,1,auto,1,1,1.267,2.167,7.5,24.5,0,1,0,1,1,2,1,1
155,989,1,auto,1,1,1.267,2.167,6.875,24.5,0,1,0,1,1,2,1,1
155,990,1,auto,1,1,1.267,2.167,6.25,24.5,0,1,0,1,1,2,1,1
155,991,1,auto,1,1,1.267,2.417,6.25,29.75,0,0,0,1,1,2,1,1
155,992,1,auto,1,1,1.267,2.417,6.25,24.5,2,1,0,1,1,2,1,1
156,993,1,auto,1,1,1.517,1.917,25.0,37.2,0,1,0,0,1,3,1,0
156,994,1,auto,1,1,1.517,2.083,25.0,31.0,0,1,0,0,1,3,1,0
156,995,1,auto,1,1,1.517,2.083,25.0,43.4,0,1,0,0,1,3,1,0
156,996,2,rail,1,1,1.517,1.917,27.5,37.2,0,1,0,0,1,3,1,0
157,997,1,auto,1,1,1.433,2.0,17.875,27.5,0,0,0,1,1,2,0,0
157,998,1,auto,1,1,1.433,2.0,16.25,27.5,0,0,0,1,1,2,0,0
157,999,1,auto,1,1,1.433,1.833,16.25,27.5,0,1,0,1,1,2,0,0
157,1000,1,auto,1,1,1.433,1.833,16.25,55.0,0,0,0,1,1,2,0,0
157,1001,1,auto,1,1,1.433,2.0,21.125,27.5,0,0,0,1,1,2,0,0
157,1002,1,auto,1,1,1.433,2.0,19.5,27.5,0,0,0,1,1,2,0,0
157,1003,2,rail,1,1,1.433,2.0,22.75,27.5,0,0,0,1,1,2,0,0
158,1004,1,auto,1,1,1.517,2.333,2.063,36.0,0,1,0,0,1,4,1,1
158,1005,1,auto,1,1,1.517,2.333,1.925,36.0,0,1,0,0,1,4,1,1
158,1006,1,auto,1,1,1.517,2.333,1.788,36.0,0,1,0,0,1,4,1,1
158,1007,1,auto,1,1,1.517,2.333,1.65,36.0,0,1,0,0,1,4,1,1
158,1008,1,auto,1,1,1.517,2.333,1.513,36.0,0,1,0,0,1,4,1,1
158,1009,1,auto,1,1,1.517,2.333,1.375,36.0,0,1,0,0,1,4,1,1
158,1010,1,auto,1,1,1.517,2.583,1.375,45.0,0,0,0,0,1,4,1,1
158,1011,1,auto,1,1,1.517,2.083,1.375,36.0,2,0,0,0,1,4,1,1
159,1012,1,auto,1,1,2.017,2.75,13.5,18.0,0,0,0,1,1,2,0,0
159,1013,1,auto,1,1,2.017,2.75,12.6,18.0,0,0,0,1,1,2,0,0
159,1014,1,auto,1,1,2.017,2.75,11.7,18.0,0,0,0,1,1,2,0,0
159,1015,1,auto,1,1,2.017,2.75,10.8,18.0,0,0,0,1,1,2,0,0
159,1016,1,auto,1,1,2.017,2.75,9.9,18.0,0,0,0,1,1,2,0,0
159,1017,1,auto,1,1,2.017,2.75,9.0,18.0,0,0,0,1,1,2,0,0
159,1018,1,auto,1,1,2.017,2.583,9.0,18.0,1,1,0,1,1,2,0,0
159,1019,1,auto,1,1,2.017,2.583,9.0,24.0,0,1,0,1,1,2,0,0
160,1020,1,auto,1,1,1.517,1.6,12.0,24.0,0,0,0,0,1,2,0,0
160,1021,1,auto,1,1,1.517,1.6,11.2,24.0,0,0,0,0,1,2,0,0
160,1022,1,auto,1,1,1.517,1.6,10.4,24.0,0,0,0,0,1,2,0,0
160,1023,1,auto,1,1,1.517,1.6,9.6,24.0,0,0,0,0,1,2,0,0
160,1024,1,auto,1,1,1.517,1.6,8.8,24.0,0,0,0,0,1,2,0,0
160,1025,1,auto,1,1,1.517,1.6,8.0,24.0,0,0,0,0,1,2,0,0
160,1026,1,auto,1,1,1.517,2.017,8.0,18.0,1,0,0,0,1,2,0,0
160,1027,1,auto,1,1,1.517,1.767,8.0,30.0,1,0,0,0,1,2,0,0
161,1028,1,auto,1,1,1.517,1.75,75.0,42.0,0,1,1,0,0,1,0,1
161,1029,1,auto,1,1,1.517,1.75,70.0,42.0,0,1,1,0,0,1,0,1
161,1030,1,auto,1,1,1.517,1.75,65.0,42.0,0,1,1,0,0,1,0,1
161,1031,1,auto,1,1,1.517,1.75,60.0,42.0,0,1,1,0,0,1,0,1
161,1032,1,auto,1,1,1.517,1.75,55.0,42.0,0,1,1,0,0,1,0,1
161,1033,1,auto,1,1,1.517,1.75,50.0,42.0,0,1,1,0,0,1,0,1
161,1034,1,auto,1,1,1.517,1.75,50.0,52.5,0,1,1,0,0,1,0,1
161,1035,2,rail,1,1,1.517,1.583,50.0,52.5,0,1,1,0,0,1,0,1
162,1036,2,rail,1,1,2.017,2.95,20.25,37.5,2,1,0,1,1,1,1,0
162,1037,2,rail,1,1,2.017,2.95,24.3,37.5,2,1,0,1,1,1,1,0
162,1038,2,rail,1,1,2.017,2.95,28.35,37.5,2,1,0,1,1,1,1,0
162,1039,2,rail,1,1,2.017,2.95,32.4,37.5,2,1,0,1,1,1,1,0
162,1040,2,rail,1,1,2.017,2.95,36.45,37.5,2,1,0,1,1,1,1,0
162,1041,2,rail,1,1,2.017,2.95,40.5,37.5,2,1,0,1,1,1,1,0
162,1042,2,rail,1,1,2.017,2.367,40.5,31.25,2,1,0,1,1,1,1,0
162,1043,2,rail,1,1,2.017,2.7,40.5,25.0,2,2,0,1,1,1,1,0
162,1044,2,rail,1,1,2.017,2.7,40.5,37.5,1,1,0,1,1,1,1,0
163,1045,1,auto,1,1,1.767,1.333,0.938,17.5,0,1,0,0,1,4,0,0
163,1046,1,auto,1,1,1.767,1.333,0.875,17.5,0,1,0,0,1,4,0,0
163,1047,1,auto,1,1,1.767,1.333,0.813,17.5,0,1,0,0,1,4,0,0
163,1048,1,auto,1,1,1.767,1.333,0.75,17.5,0,1,0,0,1,4,0,0
163,1049,1,auto,1,1,1.767,1.333,0.688,17.5,0,1,0,0,1,4,0,0
163,1050,1,auto,1,1,1.767,1.333,0.625,17.5,0,1,0,0,1,4,0,0
163,1051,1,auto,1,1,1.767,1.5,0.625,17.5,0,1,0,0,1,4,0,0
163,1052,1,auto,1,1,1.767,1.333,0.625,26.25,0,1,0,0,1,4,0,0
164,1053,1,auto,1,1,0.767,2.167,16.5,24.5,0,0,0,1,1,2,1,0
164,1054,1,auto,1,1,0.767,2.167,15.0,24.5,0,0,0,1,1,2,1,0
164,1055,1,auto,1,1,0.767,2.333,15.0,24.5,0,1,0,1,1,2,1,0
164,1056,1,auto,1,1,0.767,2.333,15.0,29.75,0,0,0,1,1,2,1,0
164,1057,2,rail,1,1,0.767,2.167,18.0,24.5,0,0,0,1,1,2,1,0
165,1058,1,auto,1,1,1.867,1.95,2.813,24.5,1,0,0,1,1,4,1,0
165,1059,1,auto,1,1,1.867,1.95,2.625,24.5,1,0,0,1,1,4,1,0
165,1060,1,auto,1,1,1.867,1.95,2.438,24.5,1,0,0,1,1,4,1,0
165,1061,1,auto,1,1,1.867,1.95,2.25,24.5,1,0,0,1,1,4,1,0
165,1062,1,auto,1,1,1.867,1.95,2.063,24.5,1,0,0,1,1,4,1,0
165,1063,1,auto,1,1,1.867,1.95,1.875,24.5,1,0,0,1,1,4,1,0
165,1064,1,auto,1,1,1.867,1.533,1.875,29.75,0,0,0,1,1,4,1,0
165,1065,1,auto,1,1,1.867,1.7,1.875,24.5,0,1,0,1,1,4,1,0
166,1066,1,auto,1,1,1.583,1.7,13.75,21.6,0,1,0,0,1,2,1,1
166,1067,1,auto,1,1,1.583,1.7,12.5,21.6,0,1,0,0,1,2,1,1
166,1068,1,auto,1,1,1.583,1.867,12.5,21.6,0,1,0,0,1,2,1,1
166,1069,1,auto,1,1,1.583,1.7,12.5,24.3,0,1,0,0,1,2,1,1
166,1070,1,auto,1,1,1.583,1.7,18.75,21.6,0,1,0,0,1,2,1,1
166,1071,1,auto,1,1,1.583,1.7,17.5,21.6,0,1,0,0,1,2,1,1
166,1072,1,auto,1,1,1.583,1.7,16.25,21.6,0,1,0,0,1,2,1,1
166,1073,1,auto,1,1,1.583,1.7,15.0,21.6,0,1,0,0,1,2,1,1
167,1074,1,auto,1,1,1.767,2.583,7.5,26.0,1,0,1,1,1,3,1,1
167,1075,1,auto,1,1,1.767,2.583,7.0,26.0,1,0,1,1,1,3,1,1
167,1076,1,auto,1,1,1.767,2.583,6.5,26.0,1,0,1,1,1,3,1,1
167,1077,1,auto,1,1,1.767,2.583,6.0,26.0,1,0,1,1,1,3,1,1
167,1078,1,auto,1,1,1.767,2.583,5.5,26.0,1,0,1,1,1,3,1,1
167,1079,1,auto,1,1,1.767,2.583,5.0,26.0,1,0,1,1,1,3,1,1
167,1080,1,auto,1,1,1.767,2.417,5.0,26.0,0,1,1,1,1,3,1,1
167,1081,1,auto,1,1,1.767,2.417,5.0,39.0,1,1,1,1,1,3,1,1
168,1082,1,auto,1,1,3.0,3.583,4.5,30.0,0,2,0,1,0,4,0,1
168,1083,1,auto,1,1,3.0,3.583,5.0,36.0,1,1,0,1,0,4,0,1
168,1084,2,rail,1,1,3.0,3.583,5.0,30.0,0,2,0,1,0,4,0,1
168,1085,2,rail,1,1,3.0,3.583,5.0,42.0,0,1,0,1,0,4,0,1
169,1086,1,auto,1,1,1.533,2.25,35.0,52.0,1,1,1,0,0,1,1,1
169,1087,1,auto,1,1,1.533,2.583,35.0,62.4,1,1,1,0,0,1,1,1
169,1088,2,rail,1,1,1.533,2.25,17.5,41.6,1,1,1,0,0,1,1,1
169,1089,2,rail,1,1,1.533,2.25,21.0,41.6,1,1,1,0,0,1,1,1
169,1090,2,rail,1,1,1.533,2.25,24.5,41.6,1,1,1,0,0,1,1,1
169,1091,2,rail,1,1,1.533,2.25,28.0,41.6,1,1,1,0,0,1,1,1
169,1092,2,rail,1,1,1.533,2.25,31.5,41.6,1,1,1,0,0,1,1,1
169,1093,2,rail,1,1,1.533,2.25,35.0,41.6,1,1,1,0,0,1,1,1
170,1094,1,auto,1,1,1.583,2.167,8.75,24.0,1,0,0,0,0,2,0,1
170,1095,1,auto,1,1,1.583,2.167,8.125,24.0,1,0,0,0,0,2,0,1
170,1096,1,auto,1,1,1.583,2.167,7.5,24.0,1,0,0,0,0,2,0,1
170,1097,1,auto,1,1,1.583,2.167,6.875,24.0,1,0,0,0,0,2,0,1
170,1098,1,auto,1,1,1.583,2.167,6.25,24.0,1,0,0,0,0,2,0,1
170,1099,1,auto,1,1,1.583,1.667,6.25,24.0,1,1,0,0,0,2,0,1
170,1100,1,auto,1,1,1.583,2.167,9.375,24.0,1,0,0,0,0,2,0,1
170,1101,2,rail,1,1,1.583,1.667,6.25,32.0,0,0,0,0,0,2,0,1
171,1102,1,auto,1,1,1.517,1.667,31.25,30.0,0,1,0,0,0,2,0,1
171,1103,2,rail,1,1,1.517,1.667,31.25,27.0,1,0,0,0,0,2,0,1
171,1104,2,rail,1,1,1.517,1.667,34.375,30.0,0,1,0,0,0,2,0,1
171,1105,2,rail,1,1,1.517,1.667,31.25,24.0,1,1,0,0,0,2,0,1
172,1106,1,auto,1,1,2.167,2.667,7.875,43.75,1,1,0,1,0,2,1,1
172,1107,1,auto,1,1,2.167,2.167,8.75,52.5,0,1,0,1,0,2,1,1
172,1108,1,auto,1,1,2.167,2.417,8.75,52.5,1,1,0,1,0,2,1,1
172,1109,2,rail,1,1,2.167,2.667,8.75,43.75,1,1,0,1,0,2,1,1
173,1110,1,auto,1,1,2.017,2.25,14.0,35.0,0,0,0,0,1,1,1,0
173,1111,1,auto,1,1,2.017,2.25,13.0,35.0,0,0,0,0,1,1,1,0
173,1112,1,auto,1,1,2.017,2.25,12.0,35.0,0,0,0,0,1,1,1,0
173,1113,1,auto,1,1,2.017,2.25,11.0,35.0,0,0,0,0,1,1,1,0
173,1114,1,auto,1,1,2.017,2.25,10.0,35.0,0,0,0,0,1,1,1,0
173,1115,1,auto,1,1,2.017,2.0,10.0,35.0,0,1,0,0,1,1,1,0
173,1116,1,auto,1,1,2.017,2.25,10.0,42.5,0,1,0,0,1,1,1,0
173,1117,2,rail,1,1,2.017,2.25,15.0,35.0,0,0,0,0,1,1,1,0
174,1118,1,auto,1,1,1.5,2.667,14.0,48.0,1,1,0,1,1,2,1,0
174,1119,1,auto,1,1,1.5,2.667,20.0,32.0,1,2,0,1,1,2,1,0
174,1120,2,rail,1,1,1.5,2.667,16.0,48.0,1,1,0,1,1,2,1,0
174,1121,2,rail,1,1,1.5,2.667,18.0,48.0,1,1,0,1,1,2,1,0
174,1122,2,rail,1,1,1.5,2.667,20.0,48.0,1,1,0,1,1,2,1,0
174,1123,2,rail,1,1,1.5,2.083,20.0,48.0,1,1,0,1,1,2,1,0
175,1124,1,auto,1,1,1.35,2.667,27.0,36.2,1,1,1,0,0,1,1,1
175,1125,1,auto,1,1,1.35,2.167,30.0,36.2,0,2,1,0,0,1,1,1
175,1126,1,auto,1,1,1.35,2.667,30.0,39.8,0,1,1,0,0,1,1,1
175,1127,2,rail,1,1,1.35,2.667,30.0,36.2,1,1,1,0,0,1,1,1
176,1128,1,auto,1,1,2.25,2.417,15.0,21.0,0,1,0,1,1,2,1,0
176,1129,1,auto,1,1,2.25,2.417,14.0,21.0,0,1,0,1,1,2,1,0
176,1130,1,auto,1,1,2.25,2.417,13.0,21.0,0,1,0,1,1,2,1,0
176,1131,1,auto,1,1,2.25,2.417,12.0,21.0,0,1,0,1,1,2,1,0
176,1132,1,auto,1,1,2.25,2.417,11.0,21.0,0,1,0,1,1,2,1,0
176,1133,1,auto,1,1,2.25,2.417,10.0,21.0,0,1,0,1,1,2,1,0
176,1134,1,auto,1,1,2.25,2.083,10.0,25.5,0,1,0,1,1,2,1,0
176,1135,1,auto,1,1,2.25,1.833,10.0,25.5,1,1,0,1,1,2,1,0
177,1136,1,auto,1,1,1.583,1.917,11.375,16.0,0,0,0,0,1,2,1,0
177,1137,1,auto,1,1,1.583,1.917,10.5,16.0,0,0,0,0,1,2,1,0
177,1138,1,auto,1,1,1.583,1.917,9.625,16.0,0,0,0,0,1,2,1,0
177,1139,1,auto,1,1,1.583,1.917,8.75,16.0,0,0,0,0,1,2,1,0
177,1140,1,auto,1,1,1.583,1.75,8.75,18.0,0,0,0,0,1,2,1,0
177,1141,1,auto,1,1,1.583,1.75,8.75,16.0,0,1,0,0,1,2,1,0
177,1142,1,auto,1,1,1.583,1.917,12.25,16.0,0,0,0,0,1,2,1,0
177,1143,2,rail,1,1,1.583,1.917,13.125,16.0,0,0,0,0,1,2,1,0
178,1144,1,auto,1,1,1.783,2.0,4.8,19.6,0,0,0,0,0,3,0,1
178,1145,1,auto,1,1,1.783,2.0,4.4,19.6,0,0,0,0,0,3,0,1
178,1146,1,auto,1,1,1.783,2.0,4.0,19.6,0,0,0,0,0,3,0,1
178,1147,1,auto,1,1,1.783,1.583,4.0,23.8,0,1,0,0,0,3,0,1
178,1148,1,auto,1,1,1.783,1.75,4.0,23.8,1,0,0,0,0,3,0,1
178,1149,2,rail,1,1,1.783,2.0,5.2,19.6,0,0,0,0,0,3,0,1
179,1150,1,auto,1,1,2.333,2.583,10.0,43.45,1,1,0,0,1,4,1,0
179,1151,1,auto,1,1,2.333,2.167,10.0,43.45,0,2,0,0,1,4,1,0
179,1152,2,rail,1,1,2.333,2.167,5.0,36.2,1,1,0,0,1,4,1,0
179,1153,2,rail,1,1,2.333,2.167,6.0,36.2,1,1,0,0,1,4,1,0
179,1154,2,rail,1,1,2.333,2.167,7.0,36.2,1,1,0,0,1,4,1,0
179,1155,2,rail,1,1,2.333,2.167,8.0,36.2,1,1,0,0,1,4,1,0
179,1156,2,rail,1,1,2.333,2.167,9.0,36.2,1,1,0,0,1,4,1,0
179,1157,2,rail,1,1,2.333,2.167,10.0,36.2,1,1,0,0,1,4,1,0
180,1158,1,auto,1,1,2.083,1.583,5.0,18.0,0,1,0,0,1,3,1,1
180,1159,1,auto,1,1,2.083,1.583,4.667,18.0,0,1,0,0,1,3,1,1
180,1160,1,auto,1,1,2.083,1.583,4.333,18.0,0,1,0,0,1,3,1,1
180,1161,1,auto,1,1,2.083,1.583,4.0,18.0,0,1,0,0,1,3,1,1
180,1162,1,auto,1,1,2.083,1.583,3.667,18.0,0,1,0,0,1,3,1,1
180,1163,1,auto,1,1,2.083,1.583,3.333,18.0,0,1,0,0,1,3,1,1
180,1164,1,auto,1,1,2.083,1.75,3.333,18.0,0,1,0,0,1,3,1,1
180,1165,1,auto,1,1,2.083,1.75,3.333,24.0,0,1,0,0,1,3,1,1
181,1166,2,rail,1,1,2.017,2.75,25.0,37.8,2,2,0,1,1,1,1,0
181,1167,2,rail,1,1,2.017,2.75,30.0,37.8,2,2,0,1,1,1,1,0
181,1168,2,rail,1,1,2.017,2.75,35.0,37.8,2,2,0,1,1,1,1,0
181,1169,2,rail,1,1,2.017,2.75,40.0,37.8,2,2,0,1,1,1,1,0
181,1170,2,rail,1,1,2.017,2.75,45.0,37.8,2,2,0,1,1,1,1,0
181,1171,2,rail,1,1,2.017,2.75,50.0,37.8,2,2,0,1,1,1,1,0
181,1172,2,rail,1,1,2.017,2.5,50.0,27.0,3,2,0,1,1,1,1,0
181,1173,2,rail,1,1,2.017,2.5,50.0,37.8,2,1,0,1,1,1,1,0
181,1174,2,rail,1,1,2.017,2.25,50.0,32.4,2,2,0,1,1,1,1,0
182,1175,1,auto,1,1,2.0,2.5,3.0,35.0,0,0,0,0,1,4,1,0
182,1176,1,auto,1,1,2.0,2.5,2.8,35.0,0,0,0,0,1,4,1,0
182,1177,1,auto,1,1,2.0,2.5,2.6,35.0,0,0,0,0,1,4,1,0
182,1178,1,auto,1,1,2.0,2.5,2.4,35.0,0,0,0,0,1,4,1,0
182,1179,1,auto,1,1,2.0,2.5,2.2,35.0,0,0,0,0,1,4,1,0
182,1180,1,auto,1,1,2.0,2.5,2.0,35.0,0,0,0,0,1,4,1,0
182,1181,1,auto,1,1,2.0,1.917,2.0,35.0,1,1,0,0,1,4,1,0
182,1182,1,auto,1,1,2.0,2.167,2.0,42.5,1,0,0,0,1,4,1,0
183,1183,1,auto,1,1,1.517,1.833,18.75,21.9,0,0,0,1,0,2,0,0
183,1184,1,auto,1,1,1.517,1.833,17.5,21.9,0,0,0,1,0,2,0,0
183,1185,1,auto,1,1,1.517,1.833,16.25,21.9,0,0,0,1,0,2,0,0
183,1186,1,auto,1,1,1.517,1.833,15.0,21.9,0,0,0,1,0,2,0,0
183,1187,1,auto,1,1,1.517,1.833,13.75,21.9,0,0,0,1,0,2,0,0
183,1188,1,auto,1,1,1.517,1.833,12.5,21.9,0,0,0,1,0,2,0,0
183,1189,1,auto,1,1,1.517,1.583,12.5,21.9,1,1,0,1,0,2,0,0
183,1190,1,auto,1,1,1.517,2.0,12.5,29.2,1,0,0,1,0,2,0,0
184,1191,1,auto,1,1,1.417,1.7,5.5,10.0,0,1,0,0,0,2,0,0
184,1192,1,auto,1,1,1.417,1.867,5.0,10.0,1,0,0,0,0,2,0,0
184,1193,1,auto,1,1,1.417,1.867,5.0,15.0,1,1,0,0,0,2,0,0
184,1194,2,rail,1,1,1.417,1.7,6.0,10.0,0,1,0,0,0,2,0,0
185,1195,1,auto,1,1,1.667,2.583,45.5,72.8,0,2,0,1,0,1,0,1
185,1196,2,rail,1,1,1.667,2.583,65.0,72.8,0,2,0,1,0,1,0,1
185,1197,2,rail,1,1,1.667,2.083,65.0,62.4,0,2,0,1,0,1,0,1
185,1198,2,rail,1,1,1.667,2.083,65.0,72.8,1,1,0,1,0,1,0,1
185,1199,2,rail,1,1,1.667,2.333,65.0,52.0,1,2,0,1,0,1,0,1
186,1200,1,auto,1,1,1.917,1.75,13.5,36.0,1,1,1,0,0,2,0,1
186,1201,1,auto,1,1,1.917,1.75,12.6,36.0,1,1,1,0,0,2,0,1
186,1202,1,auto,1,1,1.917,1.75,11.7,36.0,1,1,1,0,0,2,0,1
186,1203,1,auto,1,1,1.917,1.75,10.8,36.0,1,1,1,0,0,2,0,1
186,1204,1,auto,1,1,1.917,1.75,9.9,36.0,1,1,1,0,0,2,0,1
186,1205,1,auto,1,1,1.917,1.75,9.0,36.0,1,1,1,0,0,2,0,1
186,1206,1,auto,1,1,1.917,1.75,9.0,45.0,1,0,1,0,0,2,0,1
186,1207,1,auto,1,1,1.917,2.0,9.0,40.5,1,1,1,0,0,2,0,1
187,1208,1,auto,1,1,1.517,1.667,11.25,24.5,1,1,0,0,1,2,1,1
187,1209,1,auto,1,1,1.517,1.667,10.5,24.5,1,1,0,0,1,2,1,1
187,1210,1,auto,1,1,1.517,1.667,9.75,24.5,1,1,0,0,1,2,1,1
187,1211,1,auto,1,1,1.517,1.667,9.0,24.5,1,1,0,0,1,2,1,1
187,1212,1,auto,1,1,1.517,1.667,8.25,24.5,1,1,0,0,1,2,1,1
187,1213,1,auto,1,1,1.517,1.667,7.5,24.5,1,1,0,0,1,2,1,1
187,1214,1,auto,1,1,1.517,1.833,7.5,24.5,1,1,0,0,1,2,1,1
187,1215,1,auto,1,1,1.517,2.083,7.5,24.5,0,0,0,0,1,2,1,1
188,1216,1,auto,1,1,1.267,2.0,15.0,17.5,0,0,0,0,0,2,0,0
188,1217,1,auto,1,1,1.267,2.0,14.0,17.5,0,0,0,0,0,2,0,0
188,1218,1,auto,1,1,1.267,2.0,13.0,17.5,0,0,0,0,0,2,0,0
188,1219,1,auto,1,1,1.267,2.0,12.0,17.5,0,0,0,0,0,2,0,0
188,1220,1,auto,1,1,1.267,2.0,11.0,17.5,0,0,0,0,0,2,0,0
188,1221,1,auto,1,1,1.267,2.0,10.0,17.5,0,0,0,0,0,2,0,0
188,1222,1,auto,1,1,1.267,1.833,10.0,17.5,0,1,0,0,0,2,0,0
188,1223,1,auto,1,1,1.267,2.0,10.0,26.25,0,1,0,0,0,2,0,0
189,1224,1,auto,1,1,2.417,2.167,17.5,30.0,0,1,0,0,0,2,0,0
189,1225,2,rail,1,1,2.417,2.167,19.25,30.0,0,1,0,0,0,2,0,0
189,1226,2,rail,1,1,2.417,2.417,17.5,25.5,0,1,0,0,0,2,0,0
189,1227,2,rail,1,1,2.417,1.917,17.5,30.0,0,0,0,0,0,2,0,0
190,1228,1,auto,1,1,1.833,2.25,14.667,35.0,0,1,0,0,0,3,1,0
190,1229,1,auto,1,1,1.833,2.5,14.667,35.0,1,1,0,0,0,3,1,0
190,1230,1,auto,1,1,1.833,2.0,14.667,45.5,1,1,0,0,0,3,1,0
190,1231,1,auto,1,1,1.833,2.25,16.133,35.0,0,1,0,0,0,3,1,0
190,1232,2,rail,1,1,1.833,2.25,17.6,35.0,0,1,0,0,0,3,1,0
191,1233,1,auto,1,1,1.533,2.25,22.0,15.75,1,0,0,0,0,1,0,1
191,1234,1,auto,1,1,1.533,2.0,22.0,15.75,0,1,0,0,0,1,0,1
191,1235,1,auto,1,1,1.533,2.0,22.0,19.15,1,0,0,0,0,1,0,1
191,1236,1,auto,1,1,1.533,2.25,33.0,15.75,1,0,0,0,0,1,0,1
191,1237,1,auto,1,1,1.533,2.25,30.8,15.75,1,0,0,0,0,1,0,1
191,1238,1,auto,1,1,1.533,2.25,28.6,15.75,1,0,0,0,0,1,0,1
191,1239,1,auto,1,1,1.533,2.25,26.4,15.75,1,0,0,0,0,1,0,1
191,1240,1,auto,1,1,1.533,2.25,24.2,15.75,1,0,0,0,0,1,0,1
192,1241,1,auto,1,1,1.533,1.5,28.0,24.5,0,0,0,1,1,2,1,0
192,1242,1,auto,1,1,1.533,1.5,26.0,24.5,0,0,0,1,1,2,1,0
192,1243,1,auto,1,1,1.533,1.5,24.0,24.5,0,0,0,1,1,2,1,0
192,1244,1,auto,1,1,1.533,1.5,22.0,24.5,0,0,0,1,1,2,1,0
192,1245,1,auto,1,1,1.533,1.5,20.0,24.5,0,0,0,1,1,2,1,0
192,1246,1,auto,1,1,1.533,1.667,20.0,24.5,0,1,0,1,1,2,1,0
192,1247,1,auto,1,1,1.533,1.667,20.0,29.75,0,0,0,1,1,2,1,0
192,1248,2,rail,1,1,1.533,1.5,30.0,24.5,0,0,0,1,1,2,1,0
194,1249,1,auto,1,1,2.667,2.417,5.625,29.9,1,1,1,0,0,4,0,1
194,1250,1,auto,1,1,2.667,3.0,6.25,29.9,1,1,1,0,0,4,0,1
194,1251,2,rail,1,1,2.667,2.417,6.25,29.9,1,1,1,0,0,4,0,1
194,1252,2,rail,1,1,2.667,2.417,6.25,23.0,2,1,1,0,0,4,0,1
194,1253,2,rail,1,1,2.667,2.75,6.25,26.45,1,1,1,0,0,4,0,1
195,1254,1,auto,1,1,1.533,2.083,6.6,12.5,0,0,1,0,0,2,1,1
195,1255,1,auto,1,1,1.533,2.083,6.0,12.5,0,0,1,0,0,2,1,1
195,1256,1,auto,1,1,1.533,2.083,6.0,18.75,1,1,1,0,0,2,1,1
195,1257,1,auto,1,1,1.533,2.083,7.2,12.5,0,0,1,0,0,2,1,1
195,1258,2,rail,1,1,1.533,2.083,9.0,12.5,0,0,1,0,0,2,1,1
195,1259,2,rail,1,1,1.533,1.917,6.0,12.5,1,1,1,0,0,2,1,1
196,1260,1,auto,1,1,1.75,2.5,11.667,35.0,0,2,0,0,0,3,1,1
196,1261,2,rail,1,1,1.75,2.25,5.833,35.0,1,1,0,0,0,3,1,1
196,1262,2,rail,1,1,1.75,2.25,7.0,35.0,1,1,0,0,0,3,1,1
196,1263,2,rail,1,1,1.75,2.25,8.167,35.0,1,1,0,0,0,3,1,1
196,1264,2,rail,1,1,1.75,2.25,9.333,35.0,1,1,0,0,0,3,1,1
196,1265,2,rail,1,1,1.75,2.25,10.5,35.0,1,1,0,0,0,3,1,1
196,1266,2,rail,1,1,1.75,2.25,11.667,35.0,1,1,0,0,0,3,1,1
196,1267,2,rail,1,1,1.75,2.5,11.667,43.75,0,1,0,0,0,3,1,1
196,1268,2,rail,1,1,1.75,2.25,11.667,43.75,0,1,0,0,0,3,1,1
197,1269,1,auto,1,1,1.533,1.75,16.5,25.9,0,0,0,1,0,2,0,1
197,1270,1,auto,1,1,1.533,1.75,15.4,25.9,0,0,0,1,0,2,0,1
197,1271,1,auto,1,1,1.533,1.75,14.3,25.9,0,0,0,1,0,2,0,1
197,1272,1,auto,1,1,1.533,1.75,13.2,25.9,0,0,0,1,0,2,0,1
197,1273,1,auto,1,1,1.533,1.75,12.1,25.9,0,0,0,1,0,2,0,1
197,1274,1,auto,1,1,1.533,1.75,11.0,25.9,0,0,0,1,0,2,0,1
197,1275,1,auto,1,1,1.533,1.583,11.0,31.45,0,1,0,1,0,2,0,1
197,1276,1,auto,1,1,1.533,1.917,11.0,25.9,1,1,0,1,0,2,0,1
198,1277,1,auto,1,1,1.583,1.25,5.625,28.0,0,1,0,0,0,2,1,0
198,1278,1,auto,1,1,1.583,1.25,5.25,28.0,0,1,0,0,0,2,1,0
198,1279,1,auto,1,1,1.583,1.25,4.875,28.0,0,1,0,0,0,2,1,0
198,1280,1,auto,1,1,1.583,1.25,4.5,28.0,0,1,0,0,0,2,1,0
198,1281,1,auto,1,1,1.583,1.25,4.125,28.0,0,1,0,0,0,2,1,0
198,1282,1,auto,1,1,1.583,1.25,3.75,28.0,0,1,0,0,0,2,1,0
198,1283,1,auto,1,1,1.583,1.417,3.75,28.0,0,1,0,0,0,2,1,0
198,1284,1,auto,1,1,1.583,1.417,3.75,34.0,0,1,0,0,0,2,1,0
200,1285,1,auto,1,1,2.017,1.833,37.5,35.0,0,1,1,0,0,1,0,1
200,1286,1,auto,1,1,2.017,1.833,35.0,35.0,0,1,1,0,0,1,0,1
200,1287,1,auto,1,1,2.017,1.833,32.5,35.0,0,1,1,0,0,1,0,1
200,1288,1,auto,1,1,2.017,1.833,30.0,35.0,0,1,1,0,0,1,0,1
200,1289,1,auto,1,1,2.017,1.833,27.5,35.0,0,1,1,0,0,1,0,1
200,1290,1,auto,1,1,2.017,1.833,25.0,35.0,0,1,1,0,0,1,0,1
200,1291,1,auto,1,1,2.017,1.833,25.0,40.25,1,2,1,0,0,1,0,1
200,1292,1,auto,1,1,2.017,2.083,25.0,45.5,1,1,1,0,0,1,0,1
201,1293,1,auto,1,1,1.583,1.75,8.25,21.0,1,0,0,0,0,2,0,0
201,1294,1,auto,1,1,1.583,1.75,7.7,21.0,1,0,0,0,0,2,0,0
201,1295,1,auto,1,1,1.583,1.75,7.15,21.0,1,0,0,0,0,2,0,0
201,1296,1,auto,1,1,1.583,1.75,6.6,21.0,1,0,0,0,0,2,0,0
201,1297,1,auto,1,1,1.583,1.75,6.05,21.0,1,0,0,0,0,2,0,0
201,1298,1,auto,1,1,1.583,1.75,5.5,21.0,1,0,0,0,0,2,0,0
201,1299,1,auto,1,1,1.583,2.0,5.5,21.0,0,1,0,0,0,2,0,0
201,1300,1,auto,1,1,1.583,1.75,5.5,25.5,1,1,0,0,0,2,0,0
202,1301,1,auto,1,1,1.667,1.883,2.25,21.0,0,0,0,1,0,4,0,0
202,1302,1,auto,1,1,1.667,1.883,2.1,21.0,0,0,0,1,0,4,0,0
202,1303,1,auto,1,1,1.667,1.883,1.95,21.0,0,0,0,1,0,4,0,0
202,1304,1,auto,1,1,1.667,1.883,1.8,21.0,0,0,0,1,0,4,0,0
202,1305,1,auto,1,1,1.667,1.883,1.65,21.0,0,0,0,1,0,4,0,0
202,1306,1,auto,1,1,1.667,1.883,1.5,21.0,0,0,0,1,0,4,0,0
202,1307,1,auto,1,1,1.667,1.467,1.5,21.0,0,1,0,1,0,4,0,0
202,1308,1,auto,1,1,1.667,1.633,1.5,28.0,0,0,0,1,0,4,0,0
203,1309,2,rail,1,1,2.167,1.833,4.583,50.0,1,1,0,0,0,4,0,0
204,1310,1,auto,1,1,1.25,2.383,26.25,45.0,0,0,0,0,0,2,0,0
204,1311,1,auto,1,1,1.25,2.383,24.5,45.0,0,0,0,0,0,2,0,0
204,1312,1,auto,1,1,1.25,2.383,22.75,45.0,0,0,0,0,0,2,0,0
204,1313,1,auto,1,1,1.25,2.383,21.0,45.0,0,0,0,0,0,2,0,0
204,1314,1,auto,1,1,1.25,2.383,19.25,45.0,0,0,0,0,0,2,0,0
204,1315,1,auto,1,1,1.25,2.383,17.5,45.0,0,0,0,0,0,2,0,0
204,1316,1,auto,1,1,1.25,2.05,17.5,40.0,0,1,0,0,0,2,0,0
204,1317,1,auto,1,1,1.25,2.383,17.5,40.0,1,1,0,0,0,2,0,0
205,1318,1,auto,1,1,1.583,2.833,1.125,24.0,0,0,0,1,1,4,1,0
205,1319,1,auto,1,1,1.583,2.833,1.05,24.0,0,0,0,1,1,4,1,0
205,1320,1,auto,1,1,1.583,2.833,0.975,24.0,0,0,0,1,1,4,1,0
205,1321,1,auto,1,1,1.583,2.833,0.9,24.0,0,0,0,1,1,4,1,0
205,1322,1,auto,1,1,1.583,2.833,0.825,24.0,0,0,0,1,1,4,1,0
205,1323,1,auto,1,1,1.583,2.833,0.75,24.0,0,0,0,1,1,4,1,0
205,1324,1,auto,1,1,1.583,2.25,0.75,24.0,1,1,0,1,1,4,1,0
205,1325,1,auto,1,1,1.583,2.5,0.75,24.0,1,1,0,1,1,4,1,0
206,1326,1,auto,1,1,2.083,2.917,11.0,30.0,0,1,0,0,0,4,0,1
206,1327,1,auto,1,1,2.083,2.917,10.0,30.0,0,1,0,0,0,4,0,1
206,1328,2,rail,1,1,2.083,2.917,12.0,30.0,0,1,0,0,0,4,0,1
206,1329,2,rail,1,1,2.083,2.917,10.0,21.0,1,1,0,0,0,4,0,1
206,1330,2,rail,1,1,2.083,3.25,10.0,21.0,0,0,0,0,0,4,0,1
207,1331,1,auto,1,1,1.583,1.167,18.75,24.0,1,0,0,0,1,2,0,0
207,1332,1,auto,1,1,1.583,1.167,17.5,24.0,1,0,0,0,1,2,0,0
207,1333,1,auto,1,1,1.583,1.167,16.25,24.0,1,0,0,0,1,2,0,0
207,1334,1,auto,1,1,1.583,1.167,15.0,24.0,1,0,0,0,1,2,0,0
207,1335,1,auto,1,1,1.583,1.167,13.75,24.0,1,0,0,0,1,2,0,0
207,1336,1,auto,1,1,1.583,1.167,12.5,24.0,1,0,0,0,1,2,0,0
207,1337,1,auto,1,1,1.583,1.333,12.5,24.0,0,1,0,0,1,2,0,0
207,1338,1,auto,1,1,1.583,1.167,12.5,27.0,0,1,0,0,1,2,0,0
208,1339,1,auto,1,1,1.833,2.0,2.667,35.0,2,1,0,0,0,3,1,1
208,1340,1,auto,1,1,1.833,2.167,3.333,35.0,2,2,0,0,0,3,1,1
208,1341,1,auto,1,1,1.833,2.0,3.333,43.75,3,2,0,0,0,3,1,1
208,1342,2,rail,1,1,1.833,2.0,3.0,35.0,2,1,0,0,0,3,1,1
208,1343,2,rail,1,1,1.833,2.0,3.333,35.0,2,1,0,0,0,3,1,1
209,1344,1,auto,1,1,1.833,1.583,11.25,17.4,0,1,0,0,1,2,1,1
209,1345,1,auto,1,1,1.833,1.583,10.5,17.4,0,1,0,0,1,2,1,1
209,1346,1,auto,1,1,1.833,1.583,9.75,17.4,0,1,0,0,1,2,1,1
209,1347,1,auto,1,1,1.833,1.583,9.0,17.4,0,1,0,0,1,2,1,1
209,1348,1,auto,1,1,1.833,1.583,8.25,17.4,0,1,0,0,1,2,1,1
209,1349,1,auto,1,1,1.833,1.583,7.5,17.4,0,1,0,0,1,2,1,1
209,1350,1,auto,1,1,1.833,2.0,7.5,17.4,0,0,0,0,1,2,1,1
209,1351,1,auto,1,1,1.833,1.583,7.5,23.2,0,1,0,0,1,2,1,1
210,1352,1,auto,1,1,1.667,1.333,22.5,20.0,1,1,0,0,0,2,1,0
210,1353,1,auto,1,1,1.667,1.333,21.0,20.0,1,1,0,0,0,2,1,0
210,1354,1,auto,1,1,1.667,1.333,19.5,20.0,1,1,0,0,0,2,1,0
210,1355,1,auto,1,1,1.667,1.333,18.0,20.0,1,1,0,0,0,2,1,0
210,1356,1,auto,1,1,1.667,1.333,16.5,20.0,1,1,0,0,0,2,1,0
210,1357,1,auto,1,1,1.667,1.333,15.0,20.0,1,1,0,0,0,2,1,0
210,1358,1,auto,1,1,1.667,1.333,15.0,22.5,1,0,0,0,0,2,1,0
210,1359,1,auto,1,1,1.667,1.5,15.0,22.5,1,1,0,0,0,2,1,0
211,1360,1,auto,1,1,1.283,1.75,12.5,28.0,0,0,0,1,1,3,0,0
211,1361,1,auto,1,1,1.283,1.75,11.667,28.0,0,0,0,1,1,3,0,0
211,1362,1,auto,1,1,1.283,1.75,10.833,28.0,0,0,0,1,1,3,0,0
211,1363,1,auto,1,1,1.283,1.75,10.0,28.0,0,0,0,1,1,3,0,0
211,1364,1,auto,1,1,1.283,1.75,9.167,28.0,0,0,0,1,1,3,0,0
211,1365,1,auto,1,1,1.283,1.75,8.333,28.0,0,0,0,1,1,3,0,0
211,1366,1,auto,1,1,1.283,1.917,8.333,34.0,0,0,0,1,1,3,0,0
211,1367,1,auto,1,1,1.283,1.583,8.333,40.0,0,0,0,1,1,3,0,0
212,1368,1,auto,1,1,1.667,1.167,9.0,18.75,0,1,0,0,0,2,1,0
212,1369,1,auto,1,1,1.667,1.167,10.8,18.75,0,1,0,0,0,2,1,0
212,1370,1,auto,1,1,1.667,1.167,9.9,18.75,0,1,0,0,0,2,1,0
212,1371,2,rail,1,1,1.667,1.167,11.7,18.75,0,1,0,0,0,2,1,0
212,1372,2,rail,1,1,1.667,1.333,9.0,12.5,0,1,0,0,0,2,1,0
212,1373,2,rail,1,1,1.667,1.167,9.0,12.5,0,1,0,0,0,2,1,0
212,1374,2,rail,1,1,1.667,1.333,9.0,18.75,0,0,0,0,0,2,1,0
213,1375,1,auto,1,1,1.583,2.333,3.0,29.9,0,1,1,0,0,4,1,1
213,1376,1,auto,1,1,1.583,2.167,3.75,33.8,0,1,1,0,0,4,1,1
213,1377,1,auto,1,1,1.583,2.333,3.75,26.0,0,2,1,0,0,4,1,1
213,1378,2,rail,1,1,1.583,2.333,3.75,29.9,0,1,1,0,0,4,1,1
214,1379,1,auto,1,1,1.833,1.95,5.0,30.0,0,1,1,0,0,2,0,1
214,1380,1,auto,1,1,1.833,2.45,10.0,30.0,1,1,1,0,0,2,0,1
214,1381,2,rail,1,1,1.833,1.95,7.0,30.0,0,1,1,0,0,2,0,1
214,1382,2,rail,1,1,1.833,1.95,8.0,30.0,0,1,1,0,0,2,0,1
214,1383,2,rail,1,1,1.833,1.95,9.0,30.0,0,1,1,0,0,2,0,1
214,1384,2,rail,1,1,1.833,1.95,10.0,30.0,0,1,1,0,0,2,0,1
215,1385,1,auto,1,1,1.583,2.25,4.688,22.75,0,0,0,0,0,4,1,1
215,1386,1,auto,1,1,1.583,2.25,4.375,22.75,0,0,0,0,0,4,1,1
215,1387,1,auto,1,1,1.583,2.25,4.063,22.75,0,0,0,0,0,4,1,1
215,1388,1,auto,1,1,1.583,2.25,3.75,22.75,0,0,0,0,0,4,1,1
215,1389,1,auto,1,1,1.583,2.25,3.438,22.75,0,0,0,0,0,4,1,1
215,1390,1,auto,1,1,1.583,2.25,3.125,22.75,0,0,0,0,0,4,1,1
215,1391,1,auto,1,1,1.583,2.5,3.125,27.65,0,1,0,0,0,4,1,1
215,1392,1,auto,1,1,1.583,2.0,3.125,32.5,0,1,0,0,0,4,1,1
216,1393,1,auto,1,1,1.267,1.917,22.0,21.0,0,1,1,0,1,3,0,1
216,1394,1,auto,1,1,1.267,1.917,20.533,21.0,0,1,1,0,1,3,0,1
216,1395,1,auto,1,1,1.267,1.917,19.067,21.0,0,1,1,0,1,3,0,1
216,1396,1,auto,1,1,1.267,1.917,17.6,21.0,0,1,1,0,1,3,0,1
216,1397,1,auto,1,1,1.267,1.917,16.133,21.0,0,1,1,0,1,3,0,1
216,1398,1,auto,1,1,1.267,1.917,14.667,21.0,0,1,1,0,1,3,0,1
216,1399,1,auto,1,1,1.267,1.917,14.667,25.5,1,0,1,0,1,3,0,1
216,1400,1,auto,1,1,1.267,1.917,14.667,30.0,1,1,1,0,1,3,0,1
217,1401,1,auto,1,1,2.333,1.5,7.0,52.0,0,2,0,0,1,2,1,0
217,1402,2,rail,1,1,2.333,1.5,9.0,52.0,0,2,0,0,1,2,1,0
217,1403,2,rail,1,1,2.333,1.5,10.0,52.0,0,2,0,0,1,2,1,0
217,1404,2,rail,1,1,2.333,1.833,10.0,46.0,1,2,0,0,1,2,1,0
217,1405,2,rail,1,1,2.333,1.833,10.0,52.0,0,1,0,0,1,2,1,0
217,1406,2,rail,1,1,2.333,1.667,10.0,40.0,0,2,0,0,1,2,1,0
218,1407,1,auto,1,1,2.017,2.167,50.625,28.0,0,0,0,1,1,2,0,1
218,1408,1,auto,1,1,2.017,2.167,47.25,28.0,0,0,0,1,1,2,0,1
218,1409,1,auto,1,1,2.017,2.167,43.875,28.0,0,0,0,1,1,2,0,1
218,1410,1,auto,1,1,2.017,2.167,40.5,28.0,0,0,0,1,1,2,0,1
218,1411,1,auto,1,1,2.017,2.167,37.125,28.0,0,0,0,1,1,2,0,1
218,1412,1,auto,1,1,2.017,2.167,33.75,28.0,0,0,0,1,1,2,0,1
218,1413,1,auto,1,1,2.017,2.0,33.75,28.0,1,1,0,1,1,2,0,1
218,1414,1,auto,1,1,2.017,2.333,33.75,40.0,1,0,0,1,1,2,0,1
220,1415,1,auto,1,1,1.667,2.917,1.458,33.0,1,1,0,0,1,4,1,0
220,1416,1,auto,1,1,1.667,2.917,2.083,30.0,1,2,0,0,1,4,1,0
220,1417,2,rail,1,1,1.667,2.917,1.667,33.0,1,1,0,0,1,4,1,0
220,1418,2,rail,1,1,1.667,2.917,1.875,33.0,1,1,0,0,1,4,1,0
220,1419,2,rail,1,1,1.667,2.917,2.083,33.0,1,1,0,0,1,4,1,0
220,1420,2,rail,1,1,1.667,2.333,2.083,33.0,1,1,0,0,1,4,1,0
220,1421,2,rail,1,1,1.667,2.667,2.083,30.0,1,1,0,0,1,4,1,0
221,1422,1,auto,1,1,1.85,2.25,2.813,28.8,0,0,0,1,1,4,0,0
221,1423,1,auto,1,1,1.85,2.25,2.625,28.8,0,0,0,1,1,4,0,0
221,1424,1,auto,1,1,1.85,2.25,2.438,28.8,0,0,0,1,1,4,0,0
221,1425,1,auto,1,1,1.85,2.25,2.25,28.8,0,0,0,1,1,4,0,0
221,1426,1,auto,1,1,1.85,2.25,2.063,28.8,0,0,0,1,1,4,0,0
221,1427,1,auto,1,1,1.85,2.25,1.875,28.8,0,0,0,1,1,4,0,0
221,1428,1,auto,1,1,1.85,2.0,1.875,38.4,0,1,0,1,1,4,0,0
221,1429,1,auto,1,1,1.85,2.0,1.875,48.0,1,0,0,1,1,4,0,0
222,1430,1,auto,1,1,1.5,1.167,6.3,21.2,1,1,0,0,0,4,0,0
222,1431,1,auto,1,1,1.5,1.167,5.88,21.2,1,1,0,0,0,4,0,0
222,1432,1,auto,1,1,1.5,1.167,5.46,21.2,1,1,0,0,0,4,0,0
222,1433,1,auto,1,1,1.5,1.167,5.04,21.2,1,1,0,0,0,4,0,0
222,1434,1,auto,1,1,1.5,1.167,4.62,21.2,1,1,0,0,0,4,0,0
222,1435,1,auto,1,1,1.5,1.167,4.2,21.2,1,1,0,0,0,4,0,0
222,1436,1,auto,1,1,1.5,1.417,4.2,23.85,1,0,0,0,0,4,0,0
222,1437,1,auto,1,1,1.5,1.167,4.2,23.85,1,1,0,0,0,4,0,0
223,1438,1,auto,1,1,2.017,2.25,16.667,46.4,1,1,0,0,0,3,0,1
223,1439,1,auto,1,1,2.017,2.083,15.0,46.4,2,1,0,0,0,3,0,1
223,1440,2,rail,1,1,2.017,2.083,16.667,46.4,2,1,0,0,0,3,0,1
223,1441,2,rail,1,1,2.017,2.25,16.667,35.7,2,2,0,0,0,3,0,1
224,1442,1,auto,1,1,2.017,1.683,112.5,45.0,2,0,1,1,0,1,0,0
224,1443,1,auto,1,1,2.017,1.683,105.0,45.0,2,0,1,1,0,1,0,0
224,1444,1,auto,1,1,2.017,1.683,97.5,45.0,2,0,1,1,0,1,0,0
224,1445,1,auto,1,1,2.017,1.683,90.0,45.0,2,0,1,1,0,1,0,0
224,1446,1,auto,1,1,2.017,1.683,82.5,45.0,2,0,1,1,0,1,0,0
224,1447,1,auto,1,1,2.017,1.683,75.0,45.0,2,0,1,1,0,1,0,0
224,1448,1,auto,1,1,2.017,1.683,75.0,27.0,0,1,1,1,0,1,0,0
224,1449,1,auto,1,1,2.017,1.933,75.0,27.0,2,1,1,1,0,1,0,0
225,1450,1,auto,1,1,1.5,1.583,9.0,18.75,0,1,0,0,1,2,0,0
225,1451,1,auto,1,1,1.5,1.583,8.25,18.75,0,1,0,0,1,2,0,0
225,1452,1,auto,1,1,1.5,1.583,7.5,18.75,0,1,0,0,1,2,0,0
225,1453,1,auto,1,1,1.5,1.75,7.5,18.75,0,0,0,0,1,2,0,0
225,1454,2,rail,1,1,1.5,1.583,9.75,18.75,0,1,0,0,1,2,0,0
225,1455,2,rail,1,1,1.5,2.0,7.5,12.5,0,0,0,0,1,2,0,0
225,1456,2,rail,1,1,1.5,1.75,7.5,12.5,0,1,0,0,1,2,0,0
226,1457,1,auto,1,1,1.267,1.583,13.75,32.0,0,1,0,1,0,2,1,1
226,1458,1,auto,1,1,1.267,1.583,12.5,32.0,0,1,0,1,0,2,1,1
226,1459,1,auto,1,1,1.267,1.583,12.5,36.0,1,1,0,1,0,2,1,1
226,1460,1,auto,1,1,1.267,1.75,12.5,40.0,0,1,0,1,0,2,1,1
226,1461,2,rail,1,1,1.267,1.583,15.0,32.0,0,1,0,1,0,2,1,1
227,1462,1,auto,1,1,1.533,2.083,57.6,56.4,1,1,1,0,0,1,0,1
227,1463,2,rail,1,1,1.533,2.083,64.8,56.4,1,1,1,0,0,1,0,1
227,1464,2,rail,1,1,1.533,2.083,72.0,56.4,1,1,1,0,0,1,0,1
227,1465,2,rail,1,1,1.533,2.083,72.0,47.0,1,1,1,0,0,1,0,1
227,1466,2,rail,1,1,1.533,1.833,72.0,65.8,1,1,1,0,0,1,0,1
228,1467,1,auto,1,1,1.517,2.167,13.5,26.0,0,0,0,1,1,2,0,0
228,1468,1,auto,1,1,1.517,2.167,12.6,26.0,0,0,0,1,1,2,0,0
228,1469,1,auto,1,1,1.517,2.167,11.7,26.0,0,0,0,1,1,2,0,0
228,1470,1,auto,1,1,1.517,2.167,10.8,26.0,0,0,0,1,1,2,0,0
228,1471,1,auto,1,1,1.517,2.167,9.9,26.0,0,0,0,1,1,2,0,0
228,1472,1,auto,1,1,1.517,2.167,9.0,26.0,0,0,0,1,1,2,0,0
228,1473,1,auto,1,1,1.517,1.917,9.0,26.0,1,1,0,1,1,2,0,0
228,1474,1,auto,1,1,1.517,1.917,9.0,39.0,0,1,0,1,1,2,0,0
229,1475,1,auto,1,1,1.5,2.25,20.0,31.5,0,1,0,0,1,2,0,0
229,1476,1,auto,1,1,1.5,2.0,20.0,38.25,0,1,0,0,1,2,0,0
229,1477,2,rail,1,1,1.5,2.25,22.0,31.5,0,1,0,0,1,2,0,0
229,1478,2,rail,1,1,1.5,2.0,20.0,31.5,0,0,0,0,1,2,0,0
230,1479,1,auto,1,1,1.267,2.217,21.0,30.0,1,1,0,0,1,1,0,0
230,1480,1,auto,1,1,1.267,1.967,30.0,34.5,0,1,0,0,1,1,0,0
230,1481,1,auto,1,1,1.267,2.467,30.0,30.0,0,1,0,0,1,1,0,0
230,1482,2,rail,1,1,1.267,2.217,24.0,30.0,1,1,0,0,1,1,0,0
230,1483,2,rail,1,1,1.267,2.217,27.0,30.0,1,1,0,0,1,1,0,0
230,1484,2,rail,1,1,1.267,2.217,30.0,30.0,1,1,0,0,1,1,0,0
231,1485,1,auto,1,1,1.4,1.917,14.0,32.3,0,1,0,0,0,2,0,0
231,1486,1,auto,1,1,1.4,2.417,14.0,26.6,0,0,0,0,0,2,0,0
231,1487,1,auto,1,1,1.4,2.167,14.0,32.3,1,0,0,0,0,2,0,0
231,1488,2,rail,1,1,1.4,2.417,19.6,26.6,0,0,0,0,0,2,0,0
232,1489,1,auto,1,1,1.333,2.083,17.5,32.0,0,1,0,0,0,4,0,0
232,1490,1,auto,1,1,1.333,2.083,24.5,36.0,1,0,0,0,0,4,0,0
232,1491,1,auto,1,1,1.333,2.083,22.75,36.0,1,0,0,0,0,4,0,0
232,1492,1,auto,1,1,1.333,2.083,21.0,36.0,1,0,0,0,0,4,0,0
232,1493,1,auto,1,1,1.333,2.083,19.25,36.0,1,0,0,0,0,4,0,0
232,1494,1,auto,1,1,1.333,2.083,17.5,36.0,1,0,0,0,0,4,0,0
232,1495,2,rail,1,1,1.333,1.833,17.5,36.0,0,1,0,0,0,4,0,0
233,1496,1,auto,1,1,1.833,1.833,6.25,20.25,0,1,0,1,0,2,0,1
233,1497,1,auto,1,1,1.833,2.083,6.25,13.5,0,1,0,1,0,2,0,1
233,1498,2,rail,1,1,1.833,2.083,8.125,13.5,0,1,0,1,0,2,0,1
233,1499,2,rail,1,1,1.833,1.583,6.25,13.5,0,1,0,1,0,2,0,1
234,1500,1,auto,1,1,1.267,1.75,21.667,44.0,0,0,0,0,1,3,0,0
234,1501,2,rail,1,1,1.267,1.75,23.833,44.0,0,0,0,0,1,3,0,0
234,1502,2,rail,1,1,1.267,1.417,21.667,44.0,1,1,0,0,1,3,0,0
234,1503,2,rail,1,1,1.267,1.583,21.667,33.0,1,0,0,0,1,3,0,0
235,1504,1,auto,1,1,1.517,0.917,9.375,21.0,1,1,0,1,1,4,1,1
235,1505,1,auto,1,1,1.517,0.917,8.75,21.0,1,1,0,1,1,4,1,1
235,1506,1,auto,1,1,1.517,0.917,8.125,21.0,1,1,0,1,1,4,1,1
235,1507,1,auto,1,1,1.517,0.917,7.5,21.0,1,1,0,1,1,4,1,1
235,1508,1,auto,1,1,1.517,0.917,6.875,21.0,1,1,0,1,1,4,1,1
235,1509,1,auto,1,1,1.517,0.917,6.25,21.0,1,1,0,1,1,4,1,1
235,1510,1,auto,1,1,1.517,1.083,6.25,21.0,2,0,0,1,1,4,1,1
235,1511,1,auto,1,1,1.517,0.917,6.25,25.5,2,1,0,1,1,4,1,1
