"","Estimate","Std.err.","t-ratio(0)","Rob.std.err.","Rob.t-ratio(0)"
"ASC_TRAIN",0.404459256326817,0.155641984534706,2.59865136991123,0.361814725082761,1.11786289580752
"ASC_SM",0.580996341454357,0.10477795674557,5.54502454046874,0.295784566867103,1.96425509149502
"ASC_CAR",0,NA,NA,NA,NA
"b_TRAIN_time_purpose_1",-1.288486246538,0.12682560920288,-10.159511589468,0.330986033063377,-3.8928719578064
"b_TRAIN_time_purpose_2",-1.70645655566472,0.0903725418249755,-18.8824671875403,0.211875513425606,-8.05405272216081
"b_SM_time_purpose_1",-0.0710873757374838,0.103312069549928,-0.688083938761185,0.283473364934968,-0.250772681072848
"b_SM_time_purpose_2",-1.79030702599946,0.111732437989558,-16.0231626393651,0.243922134890349,-7.33966610617057
"b_CAR_time_purpose_1",-0.535805503227327,0.115815283162844,-4.62637994394877,0.484404638620882,-1.10611142113087
"b_CAR_time_purpose_2",-1.29243693136855,0.0772832193713902,-16.7233837032286,0.176273221437608,-7.33200948407249
"b_cost_generic_log_income_1",-4.05970915675122,0.400309392178405,-10.1414286950878,1.05073187809088,-3.86369657321854
"b_cost_generic_log_income_2",-3.35146317798514,0.249497697918306,-13.4328420901203,0.688187773490734,-4.86998361070166
"b_cost_generic_log_income_3",-2.23800826545454,0.167564981167815,-13.3560619280779,0.381543458312928,-5.86567065086203
"b_cost_generic_log_income_4",-3.85342989969048,0.62078593250011,-6.20734088508005,1.45384216496367,-2.65051461056419
"b_headway_generic",-0.578506020002454,0.109477305973385,-5.28425516922288,0.124492213769951,-4.64692531752608
"b_SM_seat_first_0",-0.699156240297052,0.115436244233963,-6.05664403703245,0.200971491700315,-3.47888267326801
"b_SM_seat_first_1",0.172112118749686,0.164681879294975,1.04511874340104,0.302929831340041,0.568158368518315
