id,obs_id,choice,chosen_alt,av_alt1,av_alt2,av_alt3,tt1,tt2,tt3,tc1,tc2,tc3,age,sex,edu,inchh,urb,sclass
1,1,3,alt3,1,1,1,23,27,35,6,4,3,3,2,6,3,3,2
1,2,2,alt2,1,1,1,27,35,23,5,4,6,3,2,6,3,3,2
1,3,1,alt1,1,1,1,35,23,31,3,5,4,3,2,6,3,3,2
1,4,3,alt3,1,1,1,27,23,35,4,5,3,3,2,6,3,3,2
1,5,1,alt1,1,1,1,35,27,31,3,6,5,3,2,6,3,3,2
1,6,3,alt3,1,1,1,23,27,35,6,5,3,3,2,6,3,3,2
1,7,1,alt1,1,1,1,35,31,23,3,5,6,3,2,6,3,3,2
1,8,3,alt3,1,1,1,27,23,31,5,6,3,3,2,6,3,3,2
1,9,1,alt1,1,1,1,35,31,27,3,4,6,3,2,6,3,3,2
1,10,3,alt3,1,1,1,23,27,31,6,4,3,3,2,6,3,3,2
2,11,1,alt1,1,1,1,23,27,35,6,4,3,3,2,4,2,4,3
2,12,1,alt1,1,1,1,27,35,23,5,4,6,3,2,4,2,4,3
2,13,1,alt1,1,1,1,35,23,31,3,5,4,3,2,4,2,4,3
2,14,3,alt3,1,1,1,27,23,35,4,5,3,3,2,4,2,4,3
2,15,1,alt1,1,1,1,35,27,31,3,6,5,3,2,4,2,4,3
2,16,3,alt3,1,1,1,23,27,35,6,5,3,3,2,4,2,4,3
2,17,1,alt1,1,1,1,35,31,23,3,5,6,3,2,4,2,4,3
2,18,3,alt3,1,1,1,27,23,31,5,6,3,3,2,4,2,4,3
2,19,1,alt1,1,1,1,35,31,27,3,4,6,3,2,4,2,4,3
2,20,3,alt3,1,1,1,23,27,31,6,4,3,3,2,4,2,4,3
3,21,3,alt3,1,1,1,23,27,35,6,4,3,2,2,3,1,3,2
3,22,2,alt2,1,1,1,27,35,23,5,4,6,2,2,3,1,3,2
3,23,1,alt1,1,1,1,35,23,31,3,5,4,2,2,3,1,3,2
3,24,3,alt3,1,1,1,27,23,35,4,5,3,2,2,3,1,3,2
3,25,1,alt1,1,1,1,35,27,31,3,6,5,2,2,3,1,3,2
3,26,3,alt3,1,1,1,23,27,35,6,5,3,2,2,3,1,3,2
3,27,1,alt1,1,1,1,35,31,23,3,5,6,2,2,3,1,3,2
3,28,3,alt3,1,1,1,27,23,31,5,6,3,2,2,3,1,3,2
3,29,1,alt1,1,1,1,35,31,27,3,4,6,2,2,3,1,3,2
3,30,3,alt3,1,1,1,23,27,31,6,4,3,2,2,3,1,3,2
5,31,3,alt3,1,1,1,23,27,35,6,4,3,2,1,5,2,1,3
5,32,2,alt2,1,1,1,27,35,23,5,4,6,2,1,5,2,1,3
5,33,1,alt1,1,1,1,35,23,31,3,5,4,2,1,5,2,1,3
5,34,3,alt3,1,1,1,27,23,35,4,5,3,2,1,5,2,1,3
5,35,1,alt1,1,1,1,35,27,31,3,6,5,2,1,5,2,1,3
5,36,3,alt3,1,1,1,23,27,35,6,5,3,2,1,5,2,1,3
5,37,1,alt1,1,1,1,35,31,23,3,5,6,2,1,5,2,1,3
5,38,3,alt3,1,1,1,27,23,31,5,6,3,2,1,5,2,1,3
5,39,1,alt1,1,1,1,35,31,27,3,4,6,2,1,5,2,1,3
5,40,3,alt3,1,1,1,23,27,31,6,4,3,2,1,5,2,1,3
6,41,2,alt2,1,1,1,23,27,35,6,4,3,3,1,4,3,3,2
6,42,2,alt2,1,1,1,27,35,23,5,4,6,3,1,4,3,3,2
6,43,2,alt2,1,1,1,35,23,31,3,5,4,3,1,4,3,3,2
6,44,2,alt2,1,1,1,27,23,35,4,5,3,3,1,4,3,3,2
6,45,3,alt3,1,1,1,35,27,31,3,6,5,3,1,4,3,3,2
6,46,3,alt3,1,1,1,23,27,35,6,5,3,3,1,4,3,3,2
6,47,2,alt2,1,1,1,35,31,23,3,5,6,3,1,4,3,3,2
6,48,1,alt1,1,1,1,27,23,31,5,6,3,3,1,4,3,3,2
6,49,1,alt1,1,1,1,35,31,27,3,4,6,3,1,4,3,3,2
6,50,2,alt2,1,1,1,23,27,31,6,4,3,3,1,4,3,3,2
9,51,2,alt2,1,1,1,23,27,35,6,4,3,3,2,6,2,4,2
9,52,2,alt2,1,1,1,27,35,23,5,4,6,3,2,6,2,4,2
9,53,2,alt2,1,1,1,35,23,31,3,5,4,3,2,6,2,4,2
9,54,1,alt1,1,1,1,27,23,35,4,5,3,3,2,6,2,4,2
9,55,1,alt1,1,1,1,35,27,31,3,6,5,3,2,6,2,4,2
9,56,1,alt1,1,1,1,23,27,35,6,5,3,3,2,6,2,4,2
9,57,3,alt3,1,1,1,35,31,23,3,5,6,3,2,6,2,4,2
9,58,1,alt1,1,1,1,27,23,31,5,6,3,3,2,6,2,4,2
9,59,2,alt2,1,1,1,35,31,27,3,4,6,3,2,6,2,4,2
9,60,2,alt2,1,1,1,23,27,31,6,4,3,3,2,6,2,4,2
10,61,2,alt2,1,1,1,23,27,35,6,4,3,2,1,6,3,2,1
10,62,1,alt1,1,1,1,27,35,23,5,4,6,2,1,6,3,2,1
10,63,2,alt2,1,1,1,35,23,31,3,5,4,2,1,6,3,2,1
10,64,1,alt1,1,1,1,27,23,35,4,5,3,2,1,6,3,2,1
10,65,3,alt3,1,1,1,35,27,31,3,6,5,2,1,6,3,2,1
10,66,2,alt2,1,1,1,23,27,35,6,5,3,2,1,6,3,2,1
10,67,3,alt3,1,1,1,35,31,23,3,5,6,2,1,6,3,2,1
10,68,1,alt1,1,1,1,27,23,31,5,6,3,2,1,6,3,2,1
10,69,2,alt2,1,1,1,35,31,27,3,4,6,2,1,6,3,2,1
10,70,2,alt2,1,1,1,23,27,31,6,4,3,2,1,6,3,2,1
11,71,1,alt1,1,1,1,23,27,35,6,4,3,2,2,6,2,5,2
11,72,3,alt3,1,1,1,27,35,23,5,4,6,2,2,6,2,5,2
11,73,2,alt2,1,1,1,35,23,31,3,5,4,2,2,6,2,5,2
11,74,2,alt2,1,1,1,27,23,35,4,5,3,2,2,6,2,5,2
11,75,2,alt2,1,1,1,35,27,31,3,6,5,2,2,6,2,5,2
11,76,1,alt1,1,1,1,23,27,35,6,5,3,2,2,6,2,5,2
11,77,3,alt3,1,1,1,35,31,23,3,5,6,2,2,6,2,5,2
11,78,2,alt2,1,1,1,27,23,31,5,6,3,2,2,6,2,5,2
11,79,3,alt3,1,1,1,35,31,27,3,4,6,2,2,6,2,5,2
11,80,1,alt1,1,1,1,23,27,31,6,4,3,2,2,6,2,5,2
12,81,2,alt2,1,1,1,23,27,35,6,4,3,3,2,5,2,5,5
12,82,1,alt1,1,1,1,27,35,23,5,4,6,3,2,5,2,5,5
12,83,3,alt3,1,1,1,35,23,31,3,5,4,3,2,5,2,5,5
12,84,1,alt1,1,1,1,27,23,35,4,5,3,3,2,5,2,5,5
12,85,3,alt3,1,1,1,35,27,31,3,6,5,3,2,5,2,5,5
12,86,2,alt2,1,1,1,23,27,35,6,5,3,3,2,5,2,5,5
12,87,2,alt2,1,1,1,35,31,23,3,5,6,3,2,5,2,5,5
12,88,1,alt1,1,1,1,27,23,31,5,6,3,3,2,5,2,5,5
12,89,2,alt2,1,1,1,35,31,27,3,4,6,3,2,5,2,5,5
12,90,2,alt2,1,1,1,23,27,31,6,4,3,3,2,5,2,5,5
14,91,2,alt2,1,1,1,23,27,35,6,4,3,2,1,6,2,1,1
14,92,3,alt3,1,1,1,27,35,23,5,4,6,2,1,6,2,1,1
14,93,2,alt2,1,1,1,35,23,31,3,5,4,2,1,6,2,1,1
14,94,1,alt1,1,1,1,27,23,35,4,5,3,2,1,6,2,1,1
14,95,2,alt2,1,1,1,35,27,31,3,6,5,2,1,6,2,1,1
14,96,2,alt2,1,1,1,23,27,35,6,5,3,2,1,6,2,1,1
14,97,3,alt3,1,1,1,35,31,23,3,5,6,2,1,6,2,1,1
14,98,1,alt1,1,1,1,27,23,31,5,6,3,2,1,6,2,1,1
14,99,2,alt2,1,1,1,35,31,27,3,4,6,2,1,6,2,1,1
14,100,2,alt2,1,1,1,23,27,31,6,4,3,2,1,6,2,1,1
15,101,2,alt2,1,1,1,23,27,35,6,4,3,2,1,5,2,3,3
15,102,1,alt1,1,1,1,27,35,23,5,4,6,2,1,5,2,3,3
15,103,2,alt2,1,1,1,35,23,31,3,5,4,2,1,5,2,3,3
15,104,1,alt1,1,1,1,27,23,35,4,5,3,2,1,5,2,3,3
15,105,1,alt1,1,1,1,35,27,31,3,6,5,2,1,5,2,3,3
15,106,2,alt2,1,1,1,23,27,35,6,5,3,2,1,5,2,3,3
15,107,1,alt1,1,1,1,35,31,23,3,5,6,2,1,5,2,3,3
15,108,3,alt3,1,1,1,27,23,31,5,6,3,2,1,5,2,3,3
15,109,1,alt1,1,1,1,35,31,27,3,4,6,2,1,5,2,3,3
15,110,2,alt2,1,1,1,23,27,31,6,4,3,2,1,5,2,3,3
16,111,2,alt2,1,1,1,23,27,35,6,4,3,2,2,5,2,4,3
16,112,3,alt3,1,1,1,27,35,23,5,4,6,2,2,5,2,4,3
16,113,2,alt2,1,1,1,35,23,31,3,5,4,2,2,5,2,4,3
16,114,2,alt2,1,1,1,27,23,35,4,5,3,2,2,5,2,4,3
16,115,1,alt1,1,1,1,35,27,31,3,6,5,2,2,5,2,4,3
16,116,2,alt2,1,1,1,23,27,35,6,5,3,2,2,5,2,4,3
16,117,3,alt3,1,1,1,35,31,23,3,5,6,2,2,5,2,4,3
16,118,3,alt3,1,1,1,27,23,31,5,6,3,2,2,5,2,4,3
16,119,2,alt2,1,1,1,35,31,27,3,4,6,2,2,5,2,4,3
16,120,2,alt2,1,1,1,23,27,31,6,4,3,2,2,5,2,4,3
17,121,2,alt2,1,1,1,23,27,35,6,4,3,2,2,7,3,3,1
17,122,1,alt1,1,1,1,27,35,23,5,4,6,2,2,7,3,3,1
17,123,3,alt3,1,1,1,35,23,31,3,5,4,2,2,7,3,3,1
17,124,1,alt1,1,1,1,27,23,35,4,5,3,2,2,7,3,3,1
17,125,3,alt3,1,1,1,35,27,31,3,6,5,2,2,7,3,3,1
17,126,2,alt2,1,1,1,23,27,35,6,5,3,2,2,7,3,3,1
17,127,1,alt1,1,1,1,35,31,23,3,5,6,2,2,7,3,3,1
17,128,1,alt1,1,1,1,27,23,31,5,6,3,2,2,7,3,3,1
17,129,2,alt2,1,1,1,35,31,27,3,4,6,2,2,7,3,3,1
17,130,2,alt2,1,1,1,23,27,31,6,4,3,2,2,7,3,3,1
18,131,1,alt1,1,1,1,23,27,35,6,4,3,2,1,6,3,4,2
18,132,3,alt3,1,1,1,27,35,23,5,4,6,2,1,6,3,4,2
18,133,2,alt2,1,1,1,35,23,31,3,5,4,2,1,6,3,4,2
18,134,2,alt2,1,1,1,27,23,35,4,5,3,2,1,6,3,4,2
18,135,1,alt1,1,1,1,35,27,31,3,6,5,2,1,6,3,4,2
18,136,3,alt3,1,1,1,23,27,35,6,5,3,2,1,6,3,4,2
18,137,3,alt3,1,1,1,35,31,23,3,5,6,2,1,6,3,4,2
18,138,3,alt3,1,1,1,27,23,31,5,6,3,2,1,6,3,4,2
18,139,1,alt1,1,1,1,35,31,27,3,4,6,2,1,6,3,4,2
18,140,3,alt3,1,1,1,23,27,31,6,4,3,2,1,6,3,4,2
19,141,1,alt1,1,1,1,23,27,35,6,4,3,4,1,5,2,2,3
19,142,2,alt2,1,1,1,27,35,23,5,4,6,4,1,5,2,2,3
19,143,3,alt3,1,1,1,35,23,31,3,5,4,4,1,5,2,2,3
19,144,1,alt1,1,1,1,27,23,35,4,5,3,4,1,5,2,2,3
19,145,2,alt2,1,1,1,35,27,31,3,6,5,4,1,5,2,2,3
19,146,3,alt3,1,1,1,23,27,35,6,5,3,4,1,5,2,2,3
19,147,1,alt1,1,1,1,35,31,23,3,5,6,4,1,5,2,2,3
19,148,2,alt2,1,1,1,27,23,31,5,6,3,4,1,5,2,2,3
19,149,2,alt2,1,1,1,35,31,27,3,4,6,4,1,5,2,2,3
19,150,2,alt2,1,1,1,23,27,31,6,4,3,4,1,5,2,2,3
20,151,3,alt3,1,1,1,23,27,35,6,4,3,2,1,6,3,3,1
20,152,2,alt2,1,1,1,27,35,23,5,4,6,2,1,6,3,3,1
20,153,3,alt3,1,1,1,35,23,31,3,5,4,2,1,6,3,3,1
20,154,3,alt3,1,1,1,27,23,35,4,5,3,2,1,6,3,3,1
20,155,1,alt1,1,1,1,35,27,31,3,6,5,2,1,6,3,3,1
20,156,3,alt3,1,1,1,23,27,35,6,5,3,2,1,6,3,3,1
20,157,1,alt1,1,1,1,35,31,23,3,5,6,2,1,6,3,3,1
20,158,3,alt3,1,1,1,27,23,31,5,6,3,2,1,6,3,3,1
20,159,2,alt2,1,1,1,35,31,27,3,4,6,2,1,6,3,3,1
20,160,3,alt3,1,1,1,23,27,31,6,4,3,2,1,6,3,3,1
22,161,2,alt2,1,1,1,23,27,35,6,4,3,1,1,6,3,4,2
22,162,1,alt1,1,1,1,27,35,23,5,4,6,1,1,6,3,4,2
22,163,2,alt2,1,1,1,35,23,31,3,5,4,1,1,6,3,4,2
22,164,1,alt1,1,1,1,27,23,35,4,5,3,1,1,6,3,4,2
22,165,1,alt1,1,1,1,35,27,31,3,6,5,1,1,6,3,4,2
22,166,3,alt3,1,1,1,23,27,35,6,5,3,1,1,6,3,4,2
22,167,1,alt1,1,1,1,35,31,23,3,5,6,1,1,6,3,4,2
22,168,3,alt3,1,1,1,27,23,31,5,6,3,1,1,6,3,4,2
22,169,1,alt1,1,1,1,35,31,27,3,4,6,1,1,6,3,4,2
22,170,3,alt3,1,1,1,23,27,31,6,4,3,1,1,6,3,4,2
23,171,1,alt1,1,1,1,23,27,35,6,4,3,1,1,6,3,4,4
23,172,1,alt1,1,1,1,27,35,23,5,4,6,1,1,6,3,4,4
23,173,2,alt2,1,1,1,35,23,31,3,5,4,1,1,6,3,4,4
23,174,2,alt2,1,1,1,27,23,35,4,5,3,1,1,6,3,4,4
23,175,3,alt3,1,1,1,35,27,31,3,6,5,1,1,6,3,4,4
23,176,2,alt2,1,1,1,23,27,35,6,5,3,1,1,6,3,4,4
23,177,2,alt2,1,1,1,35,31,23,3,5,6,1,1,6,3,4,4
23,178,1,alt1,1,1,1,27,23,31,5,6,3,1,1,6,3,4,4
23,179,2,alt2,1,1,1,35,31,27,3,4,6,1,1,6,3,4,4
23,180,2,alt2,1,1,1,23,27,31,6,4,3,1,1,6,3,4,4
24,181,2,alt2,1,1,1,23,27,35,6,4,3,3,1,6,4,1,2
24,182,3,alt3,1,1,1,27,35,23,5,4,6,3,1,6,4,1,2
24,183,2,alt2,1,1,1,35,23,31,3,5,4,3,1,6,4,1,2
24,184,2,alt2,1,1,1,27,23,35,4,5,3,3,1,6,4,1,2
24,185,2,alt2,1,1,1,35,27,31,3,6,5,3,1,6,4,1,2
24,186,1,alt1,1,1,1,23,27,35,6,5,3,3,1,6,4,1,2
24,187,3,alt3,1,1,1,35,31,23,3,5,6,3,1,6,4,1,2
24,188,3,alt3,1,1,1,27,23,31,5,6,3,3,1,6,4,1,2
24,189,2,alt2,1,1,1,35,31,27,3,4,6,3,1,6,4,1,2
24,190,2,alt2,1,1,1,23,27,31,6,4,3,3,1,6,4,1,2
25,191,1,alt1,1,1,1,23,27,35,6,4,3,3,2,2,1,5,4
25,192,3,alt3,1,1,1,27,35,23,5,4,6,3,2,2,1,5,4
25,193,2,alt2,1,1,1,35,23,31,3,5,4,3,2,2,1,5,4
25,194,2,alt2,1,1,1,27,23,35,4,5,3,3,2,2,1,5,4
25,195,2,alt2,1,1,1,35,27,31,3,6,5,3,2,2,1,5,4
25,196,1,alt1,1,1,1,23,27,35,6,5,3,3,2,2,1,5,4
25,197,3,alt3,1,1,1,35,31,23,3,5,6,3,2,2,1,5,4
25,198,2,alt2,1,1,1,27,23,31,5,6,3,3,2,2,1,5,4
25,199,2,alt2,1,1,1,35,31,27,3,4,6,3,2,2,1,5,4
25,200,3,alt3,1,1,1,23,27,31,6,4,3,3,2,2,1,5,4
26,201,2,alt2,1,1,1,23,27,35,6,4,3,3,2,6,3,2,3
26,202,1,alt1,1,1,1,27,35,23,5,4,6,3,2,6,3,2,3
26,203,3,alt3,1,1,1,35,23,31,3,5,4,3,2,6,3,2,3
26,204,1,alt1,1,1,1,27,23,35,4,5,3,3,2,6,3,2,3
26,205,3,alt3,1,1,1,35,27,31,3,6,5,3,2,6,3,2,3
26,206,2,alt2,1,1,1,23,27,35,6,5,3,3,2,6,3,2,3
26,207,2,alt2,1,1,1,35,31,23,3,5,6,3,2,6,3,2,3
26,208,1,alt1,1,1,1,27,23,31,5,6,3,3,2,6,3,2,3
26,209,2,alt2,1,1,1,35,31,27,3,4,6,3,2,6,3,2,3
26,210,2,alt2,1,1,1,23,27,31,6,4,3,3,2,6,3,2,3
27,211,2,alt2,1,1,1,23,27,35,6,4,3,1,1,4,2,4,3
27,212,1,alt1,1,1,1,27,35,23,5,4,6,1,1,4,2,4,3
27,213,1,alt1,1,1,1,35,23,31,3,5,4,1,1,4,2,4,3
27,214,3,alt3,1,1,1,27,23,35,4,5,3,1,1,4,2,4,3
27,215,1,alt1,1,1,1,35,27,31,3,6,5,1,1,4,2,4,3
27,216,3,alt3,1,1,1,23,27,35,6,5,3,1,1,4,2,4,3
27,217,1,alt1,1,1,1,35,31,23,3,5,6,1,1,4,2,4,3
27,218,3,alt3,1,1,1,27,23,31,5,6,3,1,1,4,2,4,3
27,219,1,alt1,1,1,1,35,31,27,3,4,6,1,1,4,2,4,3
27,220,3,alt3,1,1,1,23,27,31,6,4,3,1,1,4,2,4,3
28,221,1,alt1,1,1,1,23,27,35,6,4,3,1,1,2,1,5,5
28,222,3,alt3,1,1,1,27,35,23,5,4,6,1,1,2,1,5,5
28,223,2,alt2,1,1,1,35,23,31,3,5,4,1,1,2,1,5,5
28,224,2,alt2,1,1,1,27,23,35,4,5,3,1,1,2,1,5,5
28,225,2,alt2,1,1,1,35,27,31,3,6,5,1,1,2,1,5,5
28,226,1,alt1,1,1,1,23,27,35,6,5,3,1,1,2,1,5,5
28,227,3,alt3,1,1,1,35,31,23,3,5,6,1,1,2,1,5,5
28,228,2,alt2,1,1,1,27,23,31,5,6,3,1,1,2,1,5,5
28,229,3,alt3,1,1,1,35,31,27,3,4,6,1,1,2,1,5,5
28,230,1,alt1,1,1,1,23,27,31,6,4,3,1,1,2,1,5,5
29,231,1,alt1,1,1,1,23,27,35,6,4,3,2,2,4,4,4,1
29,232,3,alt3,1,1,1,27,35,23,5,4,6,2,2,4,4,4,1
29,233,2,alt2,1,1,1,35,23,31,3,5,4,2,2,4,4,4,1
29,234,2,alt2,1,1,1,27,23,35,4,5,3,2,2,4,4,4,1
29,235,2,alt2,1,1,1,35,27,31,3,6,5,2,2,4,4,4,1
29,236,1,alt1,1,1,1,23,27,35,6,5,3,2,2,4,4,4,1
29,237,3,alt3,1,1,1,35,31,23,3,5,6,2,2,4,4,4,1
29,238,2,alt2,1,1,1,27,23,31,5,6,3,2,2,4,4,4,1
29,239,3,alt3,1,1,1,35,31,27,3,4,6,2,2,4,4,4,1
29,240,1,alt1,1,1,1,23,27,31,6,4,3,2,2,4,4,4,1
32,241,3,alt3,1,1,1,23,27,35,6,4,3,2,1,5,2,3,2
32,242,2,alt2,1,1,1,27,35,23,5,4,6,2,1,5,2,3,2
32,243,1,alt1,1,1,1,35,23,31,3,5,4,2,1,5,2,3,2
32,244,3,alt3,1,1,1,27,23,35,4,5,3,2,1,5,2,3,2
32,245,1,alt1,1,1,1,35,27,31,3,6,5,2,1,5,2,3,2
32,246,3,alt3,1,1,1,23,27,35,6,5,3,2,1,5,2,3,2
32,247,1,alt1,1,1,1,35,31,23,3,5,6,2,1,5,2,3,2
32,248,3,alt3,1,1,1,27,23,31,5,6,3,2,1,5,2,3,2
32,249,1,alt1,1,1,1,35,31,27,3,4,6,2,1,5,2,3,2
32,250,3,alt3,1,1,1,23,27,31,6,4,3,2,1,5,2,3,2
33,251,2,alt2,1,1,1,23,27,35,6,4,3,2,2,6,3,4,2
33,252,1,alt1,1,1,1,27,35,23,5,4,6,2,2,6,3,4,2
33,253,2,alt2,1,1,1,35,23,31,3,5,4,2,2,6,3,4,2
33,254,1,alt1,1,1,1,27,23,35,4,5,3,2,2,6,3,4,2
33,255,1,alt1,1,1,1,35,27,31,3,6,5,2,2,6,3,4,2
33,256,2,alt2,1,1,1,23,27,35,6,5,3,2,2,6,3,4,2
33,257,2,alt2,1,1,1,35,31,23,3,5,6,2,2,6,3,4,2
33,258,1,alt1,1,1,1,27,23,31,5,6,3,2,2,6,3,4,2
33,259,2,alt2,1,1,1,35,31,27,3,4,6,2,2,6,3,4,2
33,260,2,alt2,1,1,1,23,27,31,6,4,3,2,2,6,3,4,2
34,261,2,alt2,1,1,1,23,27,35,6,4,3,2,1,6,3,2,2
34,262,3,alt3,1,1,1,27,35,23,5,4,6,2,1,6,3,2,2
34,263,2,alt2,1,1,1,35,23,31,3,5,4,2,1,6,3,2,2
34,264,2,alt2,1,1,1,27,23,35,4,5,3,2,1,6,3,2,2
34,265,2,alt2,1,1,1,35,27,31,3,6,5,2,1,6,3,2,2
34,266,1,alt1,1,1,1,23,27,35,6,5,3,2,1,6,3,2,2
34,267,3,alt3,1,1,1,35,31,23,3,5,6,2,1,6,3,2,2
34,268,2,alt2,1,1,1,27,23,31,5,6,3,2,1,6,3,2,2
34,269,2,alt2,1,1,1,35,31,27,3,4,6,2,1,6,3,2,2
34,270,2,alt2,1,1,1,23,27,31,6,4,3,2,1,6,3,2,2
35,271,2,alt2,1,1,1,23,27,35,6,4,3,3,2,4,2,3,5
35,272,3,alt3,1,1,1,27,35,23,5,4,6,3,2,4,2,3,5
35,273,2,alt2,1,1,1,35,23,31,3,5,4,3,2,4,2,3,5
35,274,1,alt1,1,1,1,27,23,35,4,5,3,3,2,4,2,3,5
35,275,1,alt1,1,1,1,35,27,31,3,6,5,3,2,4,2,3,5
35,276,3,alt3,1,1,1,23,27,35,6,5,3,3,2,4,2,3,5
35,277,3,alt3,1,1,1,35,31,23,3,5,6,3,2,4,2,3,5
35,278,3,alt3,1,1,1,27,23,31,5,6,3,3,2,4,2,3,5
35,279,2,alt2,1,1,1,35,31,27,3,4,6,3,2,4,2,3,5
35,280,3,alt3,1,1,1,23,27,31,6,4,3,3,2,4,2,3,5
36,281,2,alt2,1,1,1,23,27,35,6,4,3,3,2,4,2,3,5
36,282,1,alt1,1,1,1,27,35,23,5,4,6,3,2,4,2,3,5
36,283,2,alt2,1,1,1,35,23,31,3,5,4,3,2,4,2,3,5
36,284,1,alt1,1,1,1,27,23,35,4,5,3,3,2,4,2,3,5
36,285,1,alt1,1,1,1,35,27,31,3,6,5,3,2,4,2,3,5
36,286,2,alt2,1,1,1,23,27,35,6,5,3,3,2,4,2,3,5
36,287,1,alt1,1,1,1,35,31,23,3,5,6,3,2,4,2,3,5
36,288,1,alt1,1,1,1,27,23,31,5,6,3,3,2,4,2,3,5
36,289,2,alt2,1,1,1,35,31,27,3,4,6,3,2,4,2,3,5
36,290,2,alt2,1,1,1,23,27,31,6,4,3,3,2,4,2,3,5
37,291,2,alt2,1,1,1,23,27,35,6,4,3,2,2,4,2,1,1
37,292,3,alt3,1,1,1,27,35,23,5,4,6,2,2,4,2,1,1
37,293,3,alt3,1,1,1,35,23,31,3,5,4,2,2,4,2,1,1
37,294,1,alt1,1,1,1,27,23,35,4,5,3,2,2,4,2,1,1
37,295,2,alt2,1,1,1,35,27,31,3,6,5,2,2,4,2,1,1
37,296,2,alt2,1,1,1,23,27,35,6,5,3,2,2,4,2,1,1
37,297,3,alt3,1,1,1,35,31,23,3,5,6,2,2,4,2,1,1
37,298,1,alt1,1,1,1,27,23,31,5,6,3,2,2,4,2,1,1
37,299,2,alt2,1,1,1,35,31,27,3,4,6,2,2,4,2,1,1
37,300,2,alt2,1,1,1,23,27,31,6,4,3,2,2,4,2,1,1
38,301,1,alt1,1,1,1,23,27,35,6,4,3,1,2,4,3,2,2
38,302,3,alt3,1,1,1,27,35,23,5,4,6,1,2,4,3,2,2
38,303,2,alt2,1,1,1,35,23,31,3,5,4,1,2,4,3,2,2
38,304,2,alt2,1,1,1,27,23,35,4,5,3,1,2,4,3,2,2
38,305,2,alt2,1,1,1,35,27,31,3,6,5,1,2,4,3,2,2
38,306,1,alt1,1,1,1,23,27,35,6,5,3,1,2,4,3,2,2
38,307,3,alt3,1,1,1,35,31,23,3,5,6,1,2,4,3,2,2
38,308,2,alt2,1,1,1,27,23,31,5,6,3,1,2,4,3,2,2
38,309,3,alt3,1,1,1,35,31,27,3,4,6,1,2,4,3,2,2
38,310,1,alt1,1,1,1,23,27,31,6,4,3,1,2,4,3,2,2
40,311,2,alt2,1,1,1,23,27,35,6,4,3,3,1,6,3,2,2
40,312,1,alt1,1,1,1,27,35,23,5,4,6,3,1,6,3,2,2
40,313,2,alt2,1,1,1,35,23,31,3,5,4,3,1,6,3,2,2
40,314,2,alt2,1,1,1,27,23,35,4,5,3,3,1,6,3,2,2
40,315,3,alt3,1,1,1,35,27,31,3,6,5,3,1,6,3,2,2
40,316,2,alt2,1,1,1,23,27,35,6,5,3,3,1,6,3,2,2
40,317,2,alt2,1,1,1,35,31,23,3,5,6,3,1,6,3,2,2
40,318,1,alt1,1,1,1,27,23,31,5,6,3,3,1,6,3,2,2
40,319,2,alt2,1,1,1,35,31,27,3,4,6,3,1,6,3,2,2
40,320,2,alt2,1,1,1,23,27,31,6,4,3,3,1,6,3,2,2
41,321,2,alt2,1,1,1,23,27,35,6,4,3,4,1,3,3,2,3
41,322,1,alt1,1,1,1,27,35,23,5,4,6,4,1,3,3,2,3
41,323,1,alt1,1,1,1,35,23,31,3,5,4,4,1,3,3,2,3
41,324,1,alt1,1,1,1,27,23,35,4,5,3,4,1,3,3,2,3
41,325,1,alt1,1,1,1,35,27,31,3,6,5,4,1,3,3,2,3
41,326,2,alt2,1,1,1,23,27,35,6,5,3,4,1,3,3,2,3
41,327,2,alt2,1,1,1,35,31,23,3,5,6,4,1,3,3,2,3
41,328,1,alt1,1,1,1,27,23,31,5,6,3,4,1,3,3,2,3
41,329,1,alt1,1,1,1,35,31,27,3,4,6,4,1,3,3,2,3
41,330,2,alt2,1,1,1,23,27,31,6,4,3,4,1,3,3,2,3
44,331,3,alt3,1,1,1,23,27,35,6,4,3,3,1,3,1,1,5
44,332,2,alt2,1,1,1,27,35,23,5,4,6,3,1,3,1,1,5
44,333,1,alt1,1,1,1,35,23,31,3,5,4,3,1,3,1,1,5
44,334,3,alt3,1,1,1,27,23,35,4,5,3,3,1,3,1,1,5
44,335,1,alt1,1,1,1,35,27,31,3,6,5,3,1,3,1,1,5
44,336,3,alt3,1,1,1,23,27,35,6,5,3,3,1,3,1,1,5
44,337,1,alt1,1,1,1,35,31,23,3,5,6,3,1,3,1,1,5
44,338,3,alt3,1,1,1,27,23,31,5,6,3,3,1,3,1,1,5
44,339,1,alt1,1,1,1,35,31,27,3,4,6,3,1,3,1,1,5
44,340,3,alt3,1,1,1,23,27,31,6,4,3,3,1,3,1,1,5
45,341,2,alt2,1,1,1,23,27,35,6,4,3,3,1,5,3,2,2
45,342,3,alt3,1,1,1,27,35,23,5,4,6,3,1,5,3,2,2
45,343,2,alt2,1,1,1,35,23,31,3,5,4,3,1,5,3,2,2
45,344,2,alt2,1,1,1,27,23,35,4,5,3,3,1,5,3,2,2
45,345,2,alt2,1,1,1,35,27,31,3,6,5,3,1,5,3,2,2
45,346,2,alt2,1,1,1,23,27,35,6,5,3,3,1,5,3,2,2
45,347,3,alt3,1,1,1,35,31,23,3,5,6,3,1,5,3,2,2
45,348,2,alt2,1,1,1,27,23,31,5,6,3,3,1,5,3,2,2
45,349,1,alt1,1,1,1,35,31,27,3,4,6,3,1,5,3,2,2
45,350,2,alt2,1,1,1,23,27,31,6,4,3,3,1,5,3,2,2
46,351,2,alt2,1,1,1,23,27,35,6,4,3,3,2,7,4,4,1
46,352,2,alt2,1,1,1,27,35,23,5,4,6,3,2,7,4,4,1
46,353,2,alt2,1,1,1,35,23,31,3,5,4,3,2,7,4,4,1
46,354,1,alt1,1,1,1,27,23,35,4,5,3,3,2,7,4,4,1
46,355,1,alt1,1,1,1,35,27,31,3,6,5,3,2,7,4,4,1
46,356,2,alt2,1,1,1,23,27,35,6,5,3,3,2,7,4,4,1
46,357,2,alt2,1,1,1,35,31,23,3,5,6,3,2,7,4,4,1
46,358,3,alt3,1,1,1,27,23,31,5,6,3,3,2,7,4,4,1
46,359,2,alt2,1,1,1,35,31,27,3,4,6,3,2,7,4,4,1
46,360,2,alt2,1,1,1,23,27,31,6,4,3,3,2,7,4,4,1
47,361,1,alt1,1,1,1,23,27,35,6,4,3,3,1,4,3,2,3
47,362,3,alt3,1,1,1,27,35,23,5,4,6,3,1,4,3,2,3
47,363,2,alt2,1,1,1,35,23,31,3,5,4,3,1,4,3,2,3
47,364,2,alt2,1,1,1,27,23,35,4,5,3,3,1,4,3,2,3
47,365,3,alt3,1,1,1,35,27,31,3,6,5,3,1,4,3,2,3
47,366,1,alt1,1,1,1,23,27,35,6,5,3,3,1,4,3,2,3
47,367,3,alt3,1,1,1,35,31,23,3,5,6,3,1,4,3,2,3
47,368,2,alt2,1,1,1,27,23,31,5,6,3,3,1,4,3,2,3
47,369,3,alt3,1,1,1,35,31,27,3,4,6,3,1,4,3,2,3
47,370,1,alt1,1,1,1,23,27,31,6,4,3,3,1,4,3,2,3
48,371,1,alt1,1,1,1,23,27,35,6,4,3,3,1,4,3,2,3
48,372,3,alt3,1,1,1,27,35,23,5,4,6,3,1,4,3,2,3
48,373,2,alt2,1,1,1,35,23,31,3,5,4,3,1,4,3,2,3
48,374,2,alt2,1,1,1,27,23,35,4,5,3,3,1,4,3,2,3
48,375,2,alt2,1,1,1,35,27,31,3,6,5,3,1,4,3,2,3
48,376,1,alt1,1,1,1,23,27,35,6,5,3,3,1,4,3,2,3
48,377,3,alt3,1,1,1,35,31,23,3,5,6,3,1,4,3,2,3
48,378,2,alt2,1,1,1,27,23,31,5,6,3,3,1,4,3,2,3
48,379,2,alt2,1,1,1,35,31,27,3,4,6,3,1,4,3,2,3
48,380,1,alt1,1,1,1,23,27,31,6,4,3,3,1,4,3,2,3
49,381,2,alt2,1,1,1,23,27,35,6,4,3,1,2,4,2,4,3
49,382,2,alt2,1,1,1,27,35,23,5,4,6,1,2,4,2,4,3
49,383,3,alt3,1,1,1,35,23,31,3,5,4,1,2,4,2,4,3
49,384,1,alt1,1,1,1,27,23,35,4,5,3,1,2,4,2,4,3
49,385,3,alt3,1,1,1,35,27,31,3,6,5,1,2,4,2,4,3
49,386,2,alt2,1,1,1,23,27,35,6,5,3,1,2,4,2,4,3
49,387,2,alt2,1,1,1,35,31,23,3,5,6,1,2,4,2,4,3
49,388,1,alt1,1,1,1,27,23,31,5,6,3,1,2,4,2,4,3
49,389,2,alt2,1,1,1,35,31,27,3,4,6,1,2,4,2,4,3
49,390,2,alt2,1,1,1,23,27,31,6,4,3,1,2,4,2,4,3
50,391,3,alt3,1,1,1,23,27,35,6,4,3,1,2,4,1,1,5
50,392,2,alt2,1,1,1,27,35,23,5,4,6,1,2,4,1,1,5
50,393,1,alt1,1,1,1,35,23,31,3,5,4,1,2,4,1,1,5
50,394,3,alt3,1,1,1,27,23,35,4,5,3,1,2,4,1,1,5
50,395,1,alt1,1,1,1,35,27,31,3,6,5,1,2,4,1,1,5
50,396,3,alt3,1,1,1,23,27,35,6,5,3,1,2,4,1,1,5
50,397,1,alt1,1,1,1,35,31,23,3,5,6,1,2,4,1,1,5
50,398,3,alt3,1,1,1,27,23,31,5,6,3,1,2,4,1,1,5
50,399,1,alt1,1,1,1,35,31,27,3,4,6,1,2,4,1,1,5
50,400,3,alt3,1,1,1,23,27,31,6,4,3,1,2,4,1,1,5
51,401,3,alt3,1,1,1,23,27,35,6,4,3,3,1,6,3,4,1
51,402,2,alt2,1,1,1,27,35,23,5,4,6,3,1,6,3,4,1
51,403,1,alt1,1,1,1,35,23,31,3,5,4,3,1,6,3,4,1
51,404,3,alt3,1,1,1,27,23,35,4,5,3,3,1,6,3,4,1
51,405,1,alt1,1,1,1,35,27,31,3,6,5,3,1,6,3,4,1
51,406,3,alt3,1,1,1,23,27,35,6,5,3,3,1,6,3,4,1
51,407,1,alt1,1,1,1,35,31,23,3,5,6,3,1,6,3,4,1
51,408,3,alt3,1,1,1,27,23,31,5,6,3,3,1,6,3,4,1
51,409,1,alt1,1,1,1,35,31,27,3,4,6,3,1,6,3,4,1
51,410,3,alt3,1,1,1,23,27,31,6,4,3,3,1,6,3,4,1
53,411,3,alt3,1,1,1,23,27,35,6,4,3,2,2,4,3,2,1
53,412,2,alt2,1,1,1,27,35,23,5,4,6,2,2,4,3,2,1
53,413,1,alt1,1,1,1,35,23,31,3,5,4,2,2,4,3,2,1
53,414,3,alt3,1,1,1,27,23,35,4,5,3,2,2,4,3,2,1
53,415,1,alt1,1,1,1,35,27,31,3,6,5,2,2,4,3,2,1
53,416,3,alt3,1,1,1,23,27,35,6,5,3,2,2,4,3,2,1
53,417,1,alt1,1,1,1,35,31,23,3,5,6,2,2,4,3,2,1
53,418,3,alt3,1,1,1,27,23,31,5,6,3,2,2,4,3,2,1
53,419,1,alt1,1,1,1,35,31,27,3,4,6,2,2,4,3,2,1
53,420,3,alt3,1,1,1,23,27,31,6,4,3,2,2,4,3,2,1
54,421,1,alt1,1,1,1,23,27,35,6,4,3,1,1,6,2,5,2
54,422,3,alt3,1,1,1,27,35,23,5,4,6,1,1,6,2,5,2
54,423,2,alt2,1,1,1,35,23,31,3,5,4,1,1,6,2,5,2
54,424,2,alt2,1,1,1,27,23,35,4,5,3,1,1,6,2,5,2
54,425,2,alt2,1,1,1,35,27,31,3,6,5,1,1,6,2,5,2
54,426,1,alt1,1,1,1,23,27,35,6,5,3,1,1,6,2,5,2
54,427,3,alt3,1,1,1,35,31,23,3,5,6,1,1,6,2,5,2
54,428,2,alt2,1,1,1,27,23,31,5,6,3,1,1,6,2,5,2
54,429,3,alt3,1,1,1,35,31,27,3,4,6,1,1,6,2,5,2
54,430,1,alt1,1,1,1,23,27,31,6,4,3,1,1,6,2,5,2
55,431,2,alt2,1,1,1,23,27,35,6,4,3,3,2,4,4,5,2
55,432,1,alt1,1,1,1,27,35,23,5,4,6,3,2,4,4,5,2
55,433,2,alt2,1,1,1,35,23,31,3,5,4,3,2,4,4,5,2
55,434,1,alt1,1,1,1,27,23,35,4,5,3,3,2,4,4,5,2
55,435,2,alt2,1,1,1,35,27,31,3,6,5,3,2,4,4,5,2
55,436,2,alt2,1,1,1,23,27,35,6,5,3,3,2,4,4,5,2
55,437,3,alt3,1,1,1,35,31,23,3,5,6,3,2,4,4,5,2
55,438,1,alt1,1,1,1,27,23,31,5,6,3,3,2,4,4,5,2
55,439,3,alt3,1,1,1,35,31,27,3,4,6,3,2,4,4,5,2
55,440,2,alt2,1,1,1,23,27,31,6,4,3,3,2,4,4,5,2
56,441,2,alt2,1,1,1,23,27,35,6,4,3,2,2,4,2,2,4
56,442,1,alt1,1,1,1,27,35,23,5,4,6,2,2,4,2,2,4
56,443,2,alt2,1,1,1,35,23,31,3,5,4,2,2,4,2,2,4
56,444,1,alt1,1,1,1,27,23,35,4,5,3,2,2,4,2,2,4
56,445,1,alt1,1,1,1,35,27,31,3,6,5,2,2,4,2,2,4
56,446,2,alt2,1,1,1,23,27,35,6,5,3,2,2,4,2,2,4
56,447,2,alt2,1,1,1,35,31,23,3,5,6,2,2,4,2,2,4
56,448,1,alt1,1,1,1,27,23,31,5,6,3,2,2,4,2,2,4
56,449,2,alt2,1,1,1,35,31,27,3,4,6,2,2,4,2,2,4
56,450,2,alt2,1,1,1,23,27,31,6,4,3,2,2,4,2,2,4
57,451,2,alt2,1,1,1,23,27,35,6,4,3,2,1,5,3,1,1
57,452,1,alt1,1,1,1,27,35,23,5,4,6,2,1,5,3,1,1
57,453,2,alt2,1,1,1,35,23,31,3,5,4,2,1,5,3,1,1
57,454,1,alt1,1,1,1,27,23,35,4,5,3,2,1,5,3,1,1
57,455,3,alt3,1,1,1,35,27,31,3,6,5,2,1,5,3,1,1
57,456,1,alt1,1,1,1,23,27,35,6,5,3,2,1,5,3,1,1
57,457,3,alt3,1,1,1,35,31,23,3,5,6,2,1,5,3,1,1
57,458,2,alt2,1,1,1,27,23,31,5,6,3,2,1,5,3,1,1
57,459,3,alt3,1,1,1,35,31,27,3,4,6,2,1,5,3,1,1
57,460,1,alt1,1,1,1,23,27,31,6,4,3,2,1,5,3,1,1
58,461,3,alt3,1,1,1,23,27,35,6,4,3,2,1,4,1,2,2
58,462,2,alt2,1,1,1,27,35,23,5,4,6,2,1,4,1,2,2
58,463,1,alt1,1,1,1,35,23,31,3,5,4,2,1,4,1,2,2
58,464,3,alt3,1,1,1,27,23,35,4,5,3,2,1,4,1,2,2
58,465,1,alt1,1,1,1,35,27,31,3,6,5,2,1,4,1,2,2
58,466,3,alt3,1,1,1,23,27,35,6,5,3,2,1,4,1,2,2
58,467,1,alt1,1,1,1,35,31,23,3,5,6,2,1,4,1,2,2
58,468,3,alt3,1,1,1,27,23,31,5,6,3,2,1,4,1,2,2
58,469,1,alt1,1,1,1,35,31,27,3,4,6,2,1,4,1,2,2
58,470,3,alt3,1,1,1,23,27,31,6,4,3,2,1,4,1,2,2
59,471,3,alt3,1,1,1,23,27,35,6,4,3,2,1,4,1,2,2
59,472,2,alt2,1,1,1,27,35,23,5,4,6,2,1,4,1,2,2
59,473,1,alt1,1,1,1,35,23,31,3,5,4,2,1,4,1,2,2
59,474,3,alt3,1,1,1,27,23,35,4,5,3,2,1,4,1,2,2
59,475,1,alt1,1,1,1,35,27,31,3,6,5,2,1,4,1,2,2
59,476,3,alt3,1,1,1,23,27,35,6,5,3,2,1,4,1,2,2
59,477,1,alt1,1,1,1,35,31,23,3,5,6,2,1,4,1,2,2
59,478,3,alt3,1,1,1,27,23,31,5,6,3,2,1,4,1,2,2
59,479,1,alt1,1,1,1,35,31,27,3,4,6,2,1,4,1,2,2
59,480,3,alt3,1,1,1,23,27,31,6,4,3,2,1,4,1,2,2
61,481,2,alt2,1,1,1,23,27,35,6,4,3,2,2,2,1,2,4
61,482,3,alt3,1,1,1,27,35,23,5,4,6,2,2,2,1,2,4
61,483,2,alt2,1,1,1,35,23,31,3,5,4,2,2,2,1,2,4
61,484,3,alt3,1,1,1,27,23,35,4,5,3,2,2,2,1,2,4
61,485,2,alt2,1,1,1,35,27,31,3,6,5,2,2,2,1,2,4
61,486,3,alt3,1,1,1,23,27,35,6,5,3,2,2,2,1,2,4
61,487,1,alt1,1,1,1,35,31,23,3,5,6,2,2,2,1,2,4
61,488,3,alt3,1,1,1,27,23,31,5,6,3,2,2,2,1,2,4
61,489,2,alt2,1,1,1,35,31,27,3,4,6,2,2,2,1,2,4
61,490,3,alt3,1,1,1,23,27,31,6,4,3,2,2,2,1,2,4
62,491,2,alt2,1,1,1,23,27,35,6,4,3,2,1,6,2,2,4
62,492,1,alt1,1,1,1,27,35,23,5,4,6,2,1,6,2,2,4
62,493,3,alt3,1,1,1,35,23,31,3,5,4,2,1,6,2,2,4
62,494,1,alt1,1,1,1,27,23,35,4,5,3,2,1,6,2,2,4
62,495,1,alt1,1,1,1,35,27,31,3,6,5,2,1,6,2,2,4
62,496,2,alt2,1,1,1,23,27,35,6,5,3,2,1,6,2,2,4
62,497,2,alt2,1,1,1,35,31,23,3,5,6,2,1,6,2,2,4
62,498,3,alt3,1,1,1,27,23,31,5,6,3,2,1,6,2,2,4
62,499,1,alt1,1,1,1,35,31,27,3,4,6,2,1,6,2,2,4
62,500,2,alt2,1,1,1,23,27,31,6,4,3,2,1,6,2,2,4
63,501,3,alt3,1,1,1,23,27,35,6,4,3,1,2,3,2,5,3
63,502,2,alt2,1,1,1,27,35,23,5,4,6,1,2,3,2,5,3
63,503,1,alt1,1,1,1,35,23,31,3,5,4,1,2,3,2,5,3
63,504,3,alt3,1,1,1,27,23,35,4,5,3,1,2,3,2,5,3
63,505,1,alt1,1,1,1,35,27,31,3,6,5,1,2,3,2,5,3
63,506,1,alt1,1,1,1,23,27,35,6,5,3,1,2,3,2,5,3
63,507,1,alt1,1,1,1,35,31,23,3,5,6,1,2,3,2,5,3
63,508,2,alt2,1,1,1,27,23,31,5,6,3,1,2,3,2,5,3
63,509,1,alt1,1,1,1,35,31,27,3,4,6,1,2,3,2,5,3
63,510,3,alt3,1,1,1,23,27,31,6,4,3,1,2,3,2,5,3
64,511,2,alt2,1,1,1,23,27,35,6,4,3,1,2,3,2,5,3
64,512,3,alt3,1,1,1,27,35,23,5,4,6,1,2,3,2,5,3
64,513,3,alt3,1,1,1,35,23,31,3,5,4,1,2,3,2,5,3
64,514,1,alt1,1,1,1,27,23,35,4,5,3,1,2,3,2,5,3
64,515,3,alt3,1,1,1,35,27,31,3,6,5,1,2,3,2,5,3
64,516,2,alt2,1,1,1,23,27,35,6,5,3,1,2,3,2,5,3
64,517,2,alt2,1,1,1,35,31,23,3,5,6,1,2,3,2,5,3
64,518,3,alt3,1,1,1,27,23,31,5,6,3,1,2,3,2,5,3
64,519,1,alt1,1,1,1,35,31,27,3,4,6,1,2,3,2,5,3
64,520,3,alt3,1,1,1,23,27,31,6,4,3,1,2,3,2,5,3
67,521,2,alt2,1,1,1,23,27,35,6,4,3,2,2,6,4,2,2
67,522,2,alt2,1,1,1,27,35,23,5,4,6,2,2,6,4,2,2
67,523,1,alt1,1,1,1,35,23,31,3,5,4,2,2,6,4,2,2
67,524,2,alt2,1,1,1,27,23,35,4,5,3,2,2,6,4,2,2
67,525,3,alt3,1,1,1,35,27,31,3,6,5,2,2,6,4,2,2
67,526,2,alt2,1,1,1,23,27,35,6,5,3,2,2,6,4,2,2
67,527,2,alt2,1,1,1,35,31,23,3,5,6,2,2,6,4,2,2
67,528,3,alt3,1,1,1,27,23,31,5,6,3,2,2,6,4,2,2
67,529,1,alt1,1,1,1,35,31,27,3,4,6,2,2,6,4,2,2
67,530,3,alt3,1,1,1,23,27,31,6,4,3,2,2,6,4,2,2
68,531,3,alt3,1,1,1,23,27,35,6,4,3,3,2,5,2,5,2
68,532,1,alt1,1,1,1,27,35,23,5,4,6,3,2,5,2,5,2
68,533,3,alt3,1,1,1,35,23,31,3,5,4,3,2,5,2,5,2
68,534,1,alt1,1,1,1,27,23,35,4,5,3,3,2,5,2,5,2
68,535,3,alt3,1,1,1,35,27,31,3,6,5,3,2,5,2,5,2
68,536,2,alt2,1,1,1,23,27,35,6,5,3,3,2,5,2,5,2
68,537,2,alt2,1,1,1,35,31,23,3,5,6,3,2,5,2,5,2
68,538,1,alt1,1,1,1,27,23,31,5,6,3,3,2,5,2,5,2
68,539,2,alt2,1,1,1,35,31,27,3,4,6,3,2,5,2,5,2
68,540,2,alt2,1,1,1,23,27,31,6,4,3,3,2,5,2,5,2
69,541,2,alt2,1,1,1,23,27,35,6,4,3,1,2,7,3,5,3
69,542,3,alt3,1,1,1,27,35,23,5,4,6,1,2,7,3,5,3
69,543,2,alt2,1,1,1,35,23,31,3,5,4,1,2,7,3,5,3
69,544,1,alt1,1,1,1,27,23,35,4,5,3,1,2,7,3,5,3
69,545,2,alt2,1,1,1,35,27,31,3,6,5,1,2,7,3,5,3
69,546,2,alt2,1,1,1,23,27,35,6,5,3,1,2,7,3,5,3
69,547,3,alt3,1,1,1,35,31,23,3,5,6,1,2,7,3,5,3
69,548,2,alt2,1,1,1,27,23,31,5,6,3,1,2,7,3,5,3
69,549,2,alt2,1,1,1,35,31,27,3,4,6,1,2,7,3,5,3
69,550,1,alt1,1,1,1,23,27,31,6,4,3,1,2,7,3,5,3
70,551,1,alt1,1,1,1,23,27,35,6,4,3,2,2,2,1,2,5
70,552,1,alt1,1,1,1,27,35,23,5,4,6,2,2,2,1,2,5
70,553,3,alt3,1,1,1,35,23,31,3,5,4,2,2,2,1,2,5
70,554,1,alt1,1,1,1,27,23,35,4,5,3,2,2,2,1,2,5
70,555,2,alt2,1,1,1,35,27,31,3,6,5,2,2,2,1,2,5
70,556,1,alt1,1,1,1,23,27,35,6,5,3,2,2,2,1,2,5
70,557,3,alt3,1,1,1,35,31,23,3,5,6,2,2,2,1,2,5
70,558,1,alt1,1,1,1,27,23,31,5,6,3,2,2,2,1,2,5
70,559,3,alt3,1,1,1,35,31,27,3,4,6,2,2,2,1,2,5
70,560,1,alt1,1,1,1,23,27,31,6,4,3,2,2,2,1,2,5
71,561,1,alt1,1,1,1,23,27,35,6,4,3,3,2,6,4,1,3
71,562,3,alt3,1,1,1,27,35,23,5,4,6,3,2,6,4,1,3
71,563,2,alt2,1,1,1,35,23,31,3,5,4,3,2,6,4,1,3
71,564,2,alt2,1,1,1,27,23,35,4,5,3,3,2,6,4,1,3
71,565,2,alt2,1,1,1,35,27,31,3,6,5,3,2,6,4,1,3
71,566,1,alt1,1,1,1,23,27,35,6,5,3,3,2,6,4,1,3
71,567,3,alt3,1,1,1,35,31,23,3,5,6,3,2,6,4,1,3
71,568,2,alt2,1,1,1,27,23,31,5,6,3,3,2,6,4,1,3
71,569,3,alt3,1,1,1,35,31,27,3,4,6,3,2,6,4,1,3
71,570,1,alt1,1,1,1,23,27,31,6,4,3,3,2,6,4,1,3
72,571,2,alt2,1,1,1,23,27,35,6,4,3,2,2,4,2,2,3
72,572,1,alt1,1,1,1,27,35,23,5,4,6,2,2,4,2,2,3
72,573,2,alt2,1,1,1,35,23,31,3,5,4,2,2,4,2,2,3
72,574,1,alt1,1,1,1,27,23,35,4,5,3,2,2,4,2,2,3
72,575,2,alt2,1,1,1,35,27,31,3,6,5,2,2,4,2,2,3
72,576,2,alt2,1,1,1,23,27,35,6,5,3,2,2,4,2,2,3
72,577,3,alt3,1,1,1,35,31,23,3,5,6,2,2,4,2,2,3
72,578,1,alt1,1,1,1,27,23,31,5,6,3,2,2,4,2,2,3
72,579,2,alt2,1,1,1,35,31,27,3,4,6,2,2,4,2,2,3
72,580,2,alt2,1,1,1,23,27,31,6,4,3,2,2,4,2,2,3
73,581,2,alt2,1,1,1,23,27,35,6,4,3,2,1,6,3,4,2
73,582,1,alt1,1,1,1,27,35,23,5,4,6,2,1,6,3,4,2
73,583,2,alt2,1,1,1,35,23,31,3,5,4,2,1,6,3,4,2
73,584,1,alt1,1,1,1,27,23,35,4,5,3,2,1,6,3,4,2
73,585,3,alt3,1,1,1,35,27,31,3,6,5,2,1,6,3,4,2
73,586,2,alt2,1,1,1,23,27,35,6,5,3,2,1,6,3,4,2
73,587,2,alt2,1,1,1,35,31,23,3,5,6,2,1,6,3,4,2
73,588,3,alt3,1,1,1,27,23,31,5,6,3,2,1,6,3,4,2
73,589,2,alt2,1,1,1,35,31,27,3,4,6,2,1,6,3,4,2
73,590,3,alt3,1,1,1,23,27,31,6,4,3,2,1,6,3,4,2
74,591,2,alt2,1,1,1,23,27,35,6,4,3,3,1,4,2,2,4
74,592,1,alt1,1,1,1,27,35,23,5,4,6,3,1,4,2,2,4
74,593,2,alt2,1,1,1,35,23,31,3,5,4,3,1,4,2,2,4
74,594,1,alt1,1,1,1,27,23,35,4,5,3,3,1,4,2,2,4
74,595,1,alt1,1,1,1,35,27,31,3,6,5,3,1,4,2,2,4
74,596,2,alt2,1,1,1,23,27,35,6,5,3,3,1,4,2,2,4
74,597,1,alt1,1,1,1,35,31,23,3,5,6,3,1,4,2,2,4
74,598,1,alt1,1,1,1,27,23,31,5,6,3,3,1,4,2,2,4
74,599,2,alt2,1,1,1,35,31,27,3,4,6,3,1,4,2,2,4
74,600,2,alt2,1,1,1,23,27,31,6,4,3,3,1,4,2,2,4
75,601,2,alt2,1,1,1,23,27,35,6,4,3,2,2,4,2,2,5
75,602,1,alt1,1,1,1,27,35,23,5,4,6,2,2,4,2,2,5
75,603,2,alt2,1,1,1,35,23,31,3,5,4,2,2,4,2,2,5
75,604,2,alt2,1,1,1,27,23,35,4,5,3,2,2,4,2,2,5
75,605,2,alt2,1,1,1,35,27,31,3,6,5,2,2,4,2,2,5
75,606,2,alt2,1,1,1,23,27,35,6,5,3,2,2,4,2,2,5
75,607,3,alt3,1,1,1,35,31,23,3,5,6,2,2,4,2,2,5
75,608,2,alt2,1,1,1,27,23,31,5,6,3,2,2,4,2,2,5
75,609,3,alt3,1,1,1,35,31,27,3,4,6,2,2,4,2,2,5
75,610,2,alt2,1,1,1,23,27,31,6,4,3,2,2,4,2,2,5
76,611,2,alt2,1,1,1,23,27,35,6,4,3,3,2,5,1,1,4
76,612,1,alt1,1,1,1,27,35,23,5,4,6,3,2,5,1,1,4
76,613,3,alt3,1,1,1,35,23,31,3,5,4,3,2,5,1,1,4
76,614,1,alt1,1,1,1,27,23,35,4,5,3,3,2,5,1,1,4
76,615,1,alt1,1,1,1,35,27,31,3,6,5,3,2,5,1,1,4
76,616,3,alt3,1,1,1,23,27,35,6,5,3,3,2,5,1,1,4
76,617,1,alt1,1,1,1,35,31,23,3,5,6,3,2,5,1,1,4
76,618,3,alt3,1,1,1,27,23,31,5,6,3,3,2,5,1,1,4
76,619,1,alt1,1,1,1,35,31,27,3,4,6,3,2,5,1,1,4
76,620,2,alt2,1,1,1,23,27,31,6,4,3,3,2,5,1,1,4
77,621,2,alt2,1,1,1,23,27,35,6,4,3,2,1,4,1,2,3
77,622,3,alt3,1,1,1,27,35,23,5,4,6,2,1,4,1,2,3
77,623,2,alt2,1,1,1,35,23,31,3,5,4,2,1,4,1,2,3
77,624,2,alt2,1,1,1,27,23,35,4,5,3,2,1,4,1,2,3
77,625,2,alt2,1,1,1,35,27,31,3,6,5,2,1,4,1,2,3
77,626,1,alt1,1,1,1,23,27,35,6,5,3,2,1,4,1,2,3
77,627,3,alt3,1,1,1,35,31,23,3,5,6,2,1,4,1,2,3
77,628,2,alt2,1,1,1,27,23,31,5,6,3,2,1,4,1,2,3
77,629,2,alt2,1,1,1,35,31,27,3,4,6,2,1,4,1,2,3
77,630,1,alt1,1,1,1,23,27,31,6,4,3,2,1,4,1,2,3
79,631,2,alt2,1,1,1,23,27,35,6,4,3,3,1,5,4,1,1
79,632,1,alt1,1,1,1,27,35,23,5,4,6,3,1,5,4,1,1
79,633,3,alt3,1,1,1,35,23,31,3,5,4,3,1,5,4,1,1
79,634,2,alt2,1,1,1,27,23,35,4,5,3,3,1,5,4,1,1
79,635,2,alt2,1,1,1,35,27,31,3,6,5,3,1,5,4,1,1
79,636,2,alt2,1,1,1,23,27,35,6,5,3,3,1,5,4,1,1
79,637,2,alt2,1,1,1,35,31,23,3,5,6,3,1,5,4,1,1
79,638,1,alt1,1,1,1,27,23,31,5,6,3,3,1,5,4,1,1
79,639,2,alt2,1,1,1,35,31,27,3,4,6,3,1,5,4,1,1
79,640,2,alt2,1,1,1,23,27,31,6,4,3,3,1,5,4,1,1
80,641,1,alt1,1,1,1,23,27,35,6,4,3,2,2,4,3,1,3
80,642,3,alt3,1,1,1,27,35,23,5,4,6,2,2,4,3,1,3
80,643,2,alt2,1,1,1,35,23,31,3,5,4,2,2,4,3,1,3
80,644,2,alt2,1,1,1,27,23,35,4,5,3,2,2,4,3,1,3
80,645,2,alt2,1,1,1,35,27,31,3,6,5,2,2,4,3,1,3
80,646,1,alt1,1,1,1,23,27,35,6,5,3,2,2,4,3,1,3
80,647,3,alt3,1,1,1,35,31,23,3,5,6,2,2,4,3,1,3
80,648,2,alt2,1,1,1,27,23,31,5,6,3,2,2,4,3,1,3
80,649,3,alt3,1,1,1,35,31,27,3,4,6,2,2,4,3,1,3
80,650,1,alt1,1,1,1,23,27,31,6,4,3,2,2,4,3,1,3
81,651,3,alt3,1,1,1,23,27,35,6,4,3,3,2,7,4,4,1
81,652,2,alt2,1,1,1,27,35,23,5,4,6,3,2,7,4,4,1
81,653,1,alt1,1,1,1,35,23,31,3,5,4,3,2,7,4,4,1
81,654,3,alt3,1,1,1,27,23,35,4,5,3,3,2,7,4,4,1
81,655,1,alt1,1,1,1,35,27,31,3,6,5,3,2,7,4,4,1
81,656,3,alt3,1,1,1,23,27,35,6,5,3,3,2,7,4,4,1
81,657,1,alt1,1,1,1,35,31,23,3,5,6,3,2,7,4,4,1
81,658,3,alt3,1,1,1,27,23,31,5,6,3,3,2,7,4,4,1
81,659,1,alt1,1,1,1,35,31,27,3,4,6,3,2,7,4,4,1
81,660,3,alt3,1,1,1,23,27,31,6,4,3,3,2,7,4,4,1
82,661,2,alt2,1,1,1,23,27,35,6,4,3,2,2,6,2,5,2
82,662,1,alt1,1,1,1,27,35,23,5,4,6,2,2,6,2,5,2
82,663,2,alt2,1,1,1,35,23,31,3,5,4,2,2,6,2,5,2
82,664,1,alt1,1,1,1,27,23,35,4,5,3,2,2,6,2,5,2
82,665,2,alt2,1,1,1,35,27,31,3,6,5,2,2,6,2,5,2
82,666,2,alt2,1,1,1,23,27,35,6,5,3,2,2,6,2,5,2
82,667,2,alt2,1,1,1,35,31,23,3,5,6,2,2,6,2,5,2
82,668,1,alt1,1,1,1,27,23,31,5,6,3,2,2,6,2,5,2
82,669,3,alt3,1,1,1,35,31,27,3,4,6,2,2,6,2,5,2
82,670,2,alt2,1,1,1,23,27,31,6,4,3,2,2,6,2,5,2
83,671,2,alt2,1,1,1,23,27,35,6,4,3,2,1,6,3,2,2
83,672,1,alt1,1,1,1,27,35,23,5,4,6,2,1,6,3,2,2
83,673,2,alt2,1,1,1,35,23,31,3,5,4,2,1,6,3,2,2
83,674,1,alt1,1,1,1,27,23,35,4,5,3,2,1,6,3,2,2
83,675,3,alt3,1,1,1,35,27,31,3,6,5,2,1,6,3,2,2
83,676,2,alt2,1,1,1,23,27,35,6,5,3,2,1,6,3,2,2
83,677,1,alt1,1,1,1,35,31,23,3,5,6,2,1,6,3,2,2
83,678,1,alt1,1,1,1,27,23,31,5,6,3,2,1,6,3,2,2
83,679,2,alt2,1,1,1,35,31,27,3,4,6,2,1,6,3,2,2
83,680,2,alt2,1,1,1,23,27,31,6,4,3,2,1,6,3,2,2
84,681,2,alt2,1,1,1,23,27,35,6,4,3,3,1,6,3,1,2
84,682,3,alt3,1,1,1,27,35,23,5,4,6,3,1,6,3,1,2
84,683,2,alt2,1,1,1,35,23,31,3,5,4,3,1,6,3,1,2
84,684,1,alt1,1,1,1,27,23,35,4,5,3,3,1,6,3,1,2
84,685,1,alt1,1,1,1,35,27,31,3,6,5,3,1,6,3,1,2
84,686,3,alt3,1,1,1,23,27,35,6,5,3,3,1,6,3,1,2
84,687,1,alt1,1,1,1,35,31,23,3,5,6,3,1,6,3,1,2
84,688,3,alt3,1,1,1,27,23,31,5,6,3,3,1,6,3,1,2
84,689,1,alt1,1,1,1,35,31,27,3,4,6,3,1,6,3,1,2
84,690,3,alt3,1,1,1,23,27,31,6,4,3,3,1,6,3,1,2
85,691,1,alt1,1,1,1,23,27,35,6,4,3,2,1,5,2,1,2
85,692,1,alt1,1,1,1,27,35,23,5,4,6,2,1,5,2,1,2
85,693,2,alt2,1,1,1,35,23,31,3,5,4,2,1,5,2,1,2
85,694,2,alt2,1,1,1,27,23,35,4,5,3,2,1,5,2,1,2
85,695,2,alt2,1,1,1,35,27,31,3,6,5,2,1,5,2,1,2
85,696,1,alt1,1,1,1,23,27,35,6,5,3,2,1,5,2,1,2
85,697,1,alt1,1,1,1,35,31,23,3,5,6,2,1,5,2,1,2
85,698,3,alt3,1,1,1,27,23,31,5,6,3,2,1,5,2,1,2
85,699,2,alt2,1,1,1,35,31,27,3,4,6,2,1,5,2,1,2
85,700,3,alt3,1,1,1,23,27,31,6,4,3,2,1,5,2,1,2
86,701,2,alt2,1,1,1,23,27,35,6,4,3,3,1,2,2,2,4
86,702,1,alt1,1,1,1,27,35,23,5,4,6,3,1,2,2,2,4
86,703,2,alt2,1,1,1,35,23,31,3,5,4,3,1,2,2,2,4
86,704,1,alt1,1,1,1,27,23,35,4,5,3,3,1,2,2,2,4
86,705,2,alt2,1,1,1,35,27,31,3,6,5,3,1,2,2,2,4
86,706,2,alt2,1,1,1,23,27,35,6,5,3,3,1,2,2,2,4
86,707,1,alt1,1,1,1,35,31,23,3,5,6,3,1,2,2,2,4
86,708,3,alt3,1,1,1,27,23,31,5,6,3,3,1,2,2,2,4
86,709,1,alt1,1,1,1,35,31,27,3,4,6,3,1,2,2,2,4
86,710,2,alt2,1,1,1,23,27,31,6,4,3,3,1,2,2,2,4
87,711,1,alt1,1,1,1,23,27,35,6,4,3,2,1,6,2,1,2
87,712,3,alt3,1,1,1,27,35,23,5,4,6,2,1,6,2,1,2
87,713,2,alt2,1,1,1,35,23,31,3,5,4,2,1,6,2,1,2
87,714,2,alt2,1,1,1,27,23,35,4,5,3,2,1,6,2,1,2
87,715,2,alt2,1,1,1,35,27,31,3,6,5,2,1,6,2,1,2
87,716,1,alt1,1,1,1,23,27,35,6,5,3,2,1,6,2,1,2
87,717,3,alt3,1,1,1,35,31,23,3,5,6,2,1,6,2,1,2
87,718,2,alt2,1,1,1,27,23,31,5,6,3,2,1,6,2,1,2
87,719,3,alt3,1,1,1,35,31,27,3,4,6,2,1,6,2,1,2
87,720,1,alt1,1,1,1,23,27,31,6,4,3,2,1,6,2,1,2
88,721,2,alt2,1,1,1,23,27,35,6,4,3,2,2,6,1,1,2
88,722,1,alt1,1,1,1,27,35,23,5,4,6,2,2,6,1,1,2
88,723,1,alt1,1,1,1,35,23,31,3,5,4,2,2,6,1,1,2
88,724,2,alt2,1,1,1,27,23,35,4,5,3,2,2,6,1,1,2
88,725,2,alt2,1,1,1,35,27,31,3,6,5,2,2,6,1,1,2
88,726,2,alt2,1,1,1,23,27,35,6,5,3,2,2,6,1,1,2
88,727,3,alt3,1,1,1,35,31,23,3,5,6,2,2,6,1,1,2
88,728,2,alt2,1,1,1,27,23,31,5,6,3,2,2,6,1,1,2
88,729,3,alt3,1,1,1,35,31,27,3,4,6,2,2,6,1,1,2
88,730,2,alt2,1,1,1,23,27,31,6,4,3,2,2,6,1,1,2
89,731,2,alt2,1,1,1,23,27,35,6,4,3,2,2,4,1,4,3
89,732,1,alt1,1,1,1,27,35,23,5,4,6,2,2,4,1,4,3
89,733,3,alt3,1,1,1,35,23,31,3,5,4,2,2,4,1,4,3
89,734,1,alt1,1,1,1,27,23,35,4,5,3,2,2,4,1,4,3
89,735,3,alt3,1,1,1,35,27,31,3,6,5,2,2,4,1,4,3
89,736,2,alt2,1,1,1,23,27,35,6,5,3,2,2,4,1,4,3
89,737,2,alt2,1,1,1,35,31,23,3,5,6,2,2,4,1,4,3
89,738,1,alt1,1,1,1,27,23,31,5,6,3,2,2,4,1,4,3
89,739,2,alt2,1,1,1,35,31,27,3,4,6,2,2,4,1,4,3
89,740,2,alt2,1,1,1,23,27,31,6,4,3,2,2,4,1,4,3
90,741,2,alt2,1,1,1,23,27,35,6,4,3,2,1,5,2,2,4
90,742,1,alt1,1,1,1,27,35,23,5,4,6,2,1,5,2,2,4
90,743,2,alt2,1,1,1,35,23,31,3,5,4,2,1,5,2,2,4
90,744,1,alt1,1,1,1,27,23,35,4,5,3,2,1,5,2,2,4
90,745,3,alt3,1,1,1,35,27,31,3,6,5,2,1,5,2,2,4
90,746,2,alt2,1,1,1,23,27,35,6,5,3,2,1,5,2,2,4
90,747,2,alt2,1,1,1,35,31,23,3,5,6,2,1,5,2,2,4
90,748,1,alt1,1,1,1,27,23,31,5,6,3,2,1,5,2,2,4
90,749,2,alt2,1,1,1,35,31,27,3,4,6,2,1,5,2,2,4
90,750,2,alt2,1,1,1,23,27,31,6,4,3,2,1,5,2,2,4
91,751,2,alt2,1,1,1,23,27,35,6,4,3,2,1,5,1,2,2
91,752,1,alt1,1,1,1,27,35,23,5,4,6,2,1,5,1,2,2
91,753,2,alt2,1,1,1,35,23,31,3,5,4,2,1,5,1,2,2
91,754,1,alt1,1,1,1,27,23,35,4,5,3,2,1,5,1,2,2
91,755,3,alt3,1,1,1,35,27,31,3,6,5,2,1,5,1,2,2
91,756,2,alt2,1,1,1,23,27,35,6,5,3,2,1,5,1,2,2
91,757,2,alt2,1,1,1,35,31,23,3,5,6,2,1,5,1,2,2
91,758,1,alt1,1,1,1,27,23,31,5,6,3,2,1,5,1,2,2
91,759,1,alt1,1,1,1,35,31,27,3,4,6,2,1,5,1,2,2
91,760,2,alt2,1,1,1,23,27,31,6,4,3,2,1,5,1,2,2
92,761,2,alt2,1,1,1,23,27,35,6,4,3,1,1,6,3,4,1
92,762,3,alt3,1,1,1,27,35,23,5,4,6,1,1,6,3,4,1
92,763,2,alt2,1,1,1,35,23,31,3,5,4,1,1,6,3,4,1
92,764,1,alt1,1,1,1,27,23,35,4,5,3,1,1,6,3,4,1
92,765,2,alt2,1,1,1,35,27,31,3,6,5,1,1,6,3,4,1
92,766,1,alt1,1,1,1,23,27,35,6,5,3,1,1,6,3,4,1
92,767,3,alt3,1,1,1,35,31,23,3,5,6,1,1,6,3,4,1
92,768,1,alt1,1,1,1,27,23,31,5,6,3,1,1,6,3,4,1
92,769,2,alt2,1,1,1,35,31,27,3,4,6,1,1,6,3,4,1
92,770,2,alt2,1,1,1,23,27,31,6,4,3,1,1,6,3,4,1
93,771,2,alt2,1,1,1,23,27,35,6,4,3,3,2,6,4,2,3
93,772,2,alt2,1,1,1,27,35,23,5,4,6,3,2,6,4,2,3
93,773,1,alt1,1,1,1,35,23,31,3,5,4,3,2,6,4,2,3
93,774,3,alt3,1,1,1,27,23,35,4,5,3,3,2,6,4,2,3
93,775,1,alt1,1,1,1,35,27,31,3,6,5,3,2,6,4,2,3
93,776,3,alt3,1,1,1,23,27,35,6,5,3,3,2,6,4,2,3
93,777,1,alt1,1,1,1,35,31,23,3,5,6,3,2,6,4,2,3
93,778,3,alt3,1,1,1,27,23,31,5,6,3,3,2,6,4,2,3
93,779,1,alt1,1,1,1,35,31,27,3,4,6,3,2,6,4,2,3
93,780,3,alt3,1,1,1,23,27,31,6,4,3,3,2,6,4,2,3
94,781,2,alt2,1,1,1,23,27,35,6,4,3,2,1,2,1,2,4
94,782,1,alt1,1,1,1,27,35,23,5,4,6,2,1,2,1,2,4
94,783,2,alt2,1,1,1,35,23,31,3,5,4,2,1,2,1,2,4
94,784,2,alt2,1,1,1,27,23,35,4,5,3,2,1,2,1,2,4
94,785,2,alt2,1,1,1,35,27,31,3,6,5,2,1,2,1,2,4
94,786,1,alt1,1,1,1,23,27,35,6,5,3,2,1,2,1,2,4
94,787,2,alt2,1,1,1,35,31,23,3,5,6,2,1,2,1,2,4
94,788,1,alt1,1,1,1,27,23,31,5,6,3,2,1,2,1,2,4
94,789,2,alt2,1,1,1,35,31,27,3,4,6,2,1,2,1,2,4
94,790,2,alt2,1,1,1,23,27,31,6,4,3,2,1,2,1,2,4
95,791,2,alt2,1,1,1,23,27,35,6,4,3,2,2,6,4,2,2
95,792,1,alt1,1,1,1,27,35,23,5,4,6,2,2,6,4,2,2
95,793,2,alt2,1,1,1,35,23,31,3,5,4,2,2,6,4,2,2
95,794,1,alt1,1,1,1,27,23,35,4,5,3,2,2,6,4,2,2
95,795,3,alt3,1,1,1,35,27,31,3,6,5,2,2,6,4,2,2
95,796,3,alt3,1,1,1,23,27,35,6,5,3,2,2,6,4,2,2
95,797,1,alt1,1,1,1,35,31,23,3,5,6,2,2,6,4,2,2
95,798,3,alt3,1,1,1,27,23,31,5,6,3,2,2,6,4,2,2
95,799,1,alt1,1,1,1,35,31,27,3,4,6,2,2,6,4,2,2
95,800,2,alt2,1,1,1,23,27,31,6,4,3,2,2,6,4,2,2
96,801,1,alt1,1,1,1,23,27,35,6,4,3,3,1,6,4,4,1
96,802,1,alt1,1,1,1,27,35,23,5,4,6,3,1,6,4,4,1
96,803,2,alt2,1,1,1,35,23,31,3,5,4,3,1,6,4,4,1
96,804,2,alt2,1,1,1,27,23,35,4,5,3,3,1,6,4,4,1
96,805,2,alt2,1,1,1,35,27,31,3,6,5,3,1,6,4,4,1
96,806,1,alt1,1,1,1,23,27,35,6,5,3,3,1,6,4,4,1
96,807,3,alt3,1,1,1,35,31,23,3,5,6,3,1,6,4,4,1
96,808,2,alt2,1,1,1,27,23,31,5,6,3,3,1,6,4,4,1
96,809,3,alt3,1,1,1,35,31,27,3,4,6,3,1,6,4,4,1
96,810,1,alt1,1,1,1,23,27,31,6,4,3,3,1,6,4,4,1
97,811,2,alt2,1,1,1,23,27,35,6,4,3,2,2,6,2,2,2
97,812,1,alt1,1,1,1,27,35,23,5,4,6,2,2,6,2,2,2
97,813,2,alt2,1,1,1,35,23,31,3,5,4,2,2,6,2,2,2
97,814,1,alt1,1,1,1,27,23,35,4,5,3,2,2,6,2,2,2
97,815,3,alt3,1,1,1,35,27,31,3,6,5,2,2,6,2,2,2
97,816,2,alt2,1,1,1,23,27,35,6,5,3,2,2,6,2,2,2
97,817,2,alt2,1,1,1,35,31,23,3,5,6,2,2,6,2,2,2
97,818,1,alt1,1,1,1,27,23,31,5,6,3,2,2,6,2,2,2
97,819,2,alt2,1,1,1,35,31,27,3,4,6,2,2,6,2,2,2
97,820,2,alt2,1,1,1,23,27,31,6,4,3,2,2,6,2,2,2
99,821,2,alt2,1,1,1,23,27,35,6,4,3,3,1,6,2,2,1
99,822,2,alt2,1,1,1,27,35,23,5,4,6,3,1,6,2,2,1
99,823,3,alt3,1,1,1,35,23,31,3,5,4,3,1,6,2,2,1
99,824,1,alt1,1,1,1,27,23,35,4,5,3,3,1,6,2,2,1
99,825,1,alt1,1,1,1,35,27,31,3,6,5,3,1,6,2,2,1
99,826,2,alt2,1,1,1,23,27,35,6,5,3,3,1,6,2,2,1
99,827,2,alt2,1,1,1,35,31,23,3,5,6,3,1,6,2,2,1
99,828,3,alt3,1,1,1,27,23,31,5,6,3,3,1,6,2,2,1
99,829,2,alt2,1,1,1,35,31,27,3,4,6,3,1,6,2,2,1
99,830,2,alt2,1,1,1,23,27,31,6,4,3,3,1,6,2,2,1
100,831,3,alt3,1,1,1,23,27,35,6,4,3,2,2,6,2,4,2
100,832,2,alt2,1,1,1,27,35,23,5,4,6,2,2,6,2,4,2
100,833,1,alt1,1,1,1,35,23,31,3,5,4,2,2,6,2,4,2
100,834,3,alt3,1,1,1,27,23,35,4,5,3,2,2,6,2,4,2
100,835,1,alt1,1,1,1,35,27,31,3,6,5,2,2,6,2,4,2
100,836,3,alt3,1,1,1,23,27,35,6,5,3,2,2,6,2,4,2
100,837,1,alt1,1,1,1,35,31,23,3,5,6,2,2,6,2,4,2
100,838,3,alt3,1,1,1,27,23,31,5,6,3,2,2,6,2,4,2
100,839,1,alt1,1,1,1,35,31,27,3,4,6,2,2,6,2,4,2
100,840,3,alt3,1,1,1,23,27,31,6,4,3,2,2,6,2,4,2
101,841,3,alt3,1,1,1,23,27,35,6,4,3,1,1,4,4,2,4
101,842,2,alt2,1,1,1,27,35,23,5,4,6,1,1,4,4,2,4
101,843,1,alt1,1,1,1,35,23,31,3,5,4,1,1,4,4,2,4
101,844,3,alt3,1,1,1,27,23,35,4,5,3,1,1,4,4,2,4
101,845,1,alt1,1,1,1,35,27,31,3,6,5,1,1,4,4,2,4
101,846,3,alt3,1,1,1,23,27,35,6,5,3,1,1,4,4,2,4
101,847,1,alt1,1,1,1,35,31,23,3,5,6,1,1,4,4,2,4
101,848,3,alt3,1,1,1,27,23,31,5,6,3,1,1,4,4,2,4
101,849,1,alt1,1,1,1,35,31,27,3,4,6,1,1,4,4,2,4
101,850,3,alt3,1,1,1,23,27,31,6,4,3,1,1,4,4,2,4
103,851,3,alt3,1,1,1,23,27,35,6,4,3,3,2,6,2,4,2
103,852,2,alt2,1,1,1,27,35,23,5,4,6,3,2,6,2,4,2
103,853,1,alt1,1,1,1,35,23,31,3,5,4,3,2,6,2,4,2
103,854,3,alt3,1,1,1,27,23,35,4,5,3,3,2,6,2,4,2
103,855,1,alt1,1,1,1,35,27,31,3,6,5,3,2,6,2,4,2
103,856,3,alt3,1,1,1,23,27,35,6,5,3,3,2,6,2,4,2
103,857,1,alt1,1,1,1,35,31,23,3,5,6,3,2,6,2,4,2
103,858,3,alt3,1,1,1,27,23,31,5,6,3,3,2,6,2,4,2
103,859,1,alt1,1,1,1,35,31,27,3,4,6,3,2,6,2,4,2
103,860,3,alt3,1,1,1,23,27,31,6,4,3,3,2,6,2,4,2
105,861,3,alt3,1,1,1,23,27,35,6,4,3,2,1,4,2,1,2
105,862,1,alt1,1,1,1,27,35,23,5,4,6,2,1,4,2,1,2
105,863,2,alt2,1,1,1,35,23,31,3,5,4,2,1,4,2,1,2
105,864,2,alt2,1,1,1,27,23,35,4,5,3,2,1,4,2,1,2
105,865,1,alt1,1,1,1,35,27,31,3,6,5,2,1,4,2,1,2
105,866,2,alt2,1,1,1,23,27,35,6,5,3,2,1,4,2,1,2
105,867,3,alt3,1,1,1,35,31,23,3,5,6,2,1,4,2,1,2
105,868,1,alt1,1,1,1,27,23,31,5,6,3,2,1,4,2,1,2
105,869,2,alt2,1,1,1,35,31,27,3,4,6,2,1,4,2,1,2
105,870,2,alt2,1,1,1,23,27,31,6,4,3,2,1,4,2,1,2
106,871,2,alt2,1,1,1,23,27,35,6,4,3,2,2,6,4,2,2
106,872,1,alt1,1,1,1,27,35,23,5,4,6,2,2,6,4,2,2
106,873,2,alt2,1,1,1,35,23,31,3,5,4,2,2,6,4,2,2
106,874,1,alt1,1,1,1,27,23,35,4,5,3,2,2,6,4,2,2
106,875,2,alt2,1,1,1,35,27,31,3,6,5,2,2,6,4,2,2
106,876,1,alt1,1,1,1,23,27,35,6,5,3,2,2,6,4,2,2
106,877,3,alt3,1,1,1,35,31,23,3,5,6,2,2,6,4,2,2
106,878,1,alt1,1,1,1,27,23,31,5,6,3,2,2,6,4,2,2
106,879,2,alt2,1,1,1,35,31,27,3,4,6,2,2,6,4,2,2
106,880,2,alt2,1,1,1,23,27,31,6,4,3,2,2,6,4,2,2
